congress,chamber,icpsr,state_icpsr,district_code,state_abbrev,party_code,occupancy,last_means,bioname,bioguide_id,born,died,nominate_dim1,nominate_dim2,nominate_log_likelihood,nominate_geo_mean_probability,nominate_number_of_votes,nominate_number_of_errors,conditional,nokken_poole_dim1,nokken_poole_dim2,first_middle_name,last_name,fullname
116,President,99912,99,0.0,USA,200,0.0,0.0,"TRUMP, Donald John",,1946,,0.403,0.162,,,,,,,,Donald John,Trump,Donald Trump
116,House,20301,41,3.0,AL,200,,,"ROGERS, Mike Dennis",R000575,1958,,0.377,0.384,-160.7373,0.81005,763.0,68.0,,0.52,0.388,Mike Dennis,Rogers,Mike Rogers
116,House,21102,41,7.0,AL,100,,,"SEWELL, Terri",S001185,1965,,-0.398,0.4,-28.25165,0.96483,789.0,11.0,,-0.43,0.384,Terri,Sewell,Terri Sewell
116,House,21192,41,2.0,AL,200,,,"ROBY, Martha",R000591,1976,,0.362,0.658,-90.42097,0.88244,723.0,31.0,,0.346,0.672,Martha,Roby,Martha Roby
116,House,21193,41,5.0,AL,200,,,"BROOKS, Mo",B001274,1954,,0.652,-0.417,-140.71682,0.83962,805.0,57.0,,0.772,-0.337,Mo,Brooks,Mo Brooks
116,House,21376,41,1.0,AL,200,,,"BYRNE, Bradley",B001289,1955,,0.61,0.25,-107.81607,0.85611,694.0,42.0,,0.702,0.194,Bradley,Byrne,Bradley Byrne
116,House,21500,41,6.0,AL,200,,,"PALMER, Gary James",P000609,1954,,0.679,0.102,-96.89506,0.8843,788.0,37.0,,0.669,0.085,Gary James,Palmer,Gary Palmer
116,House,29701,41,4.0,AL,200,,,"ADERHOLT, Robert",A000055,1965,,0.403,0.479,-114.13221,0.86005,757.0,45.0,,0.449,0.499,Robert,Aderholt,Robert Aderholt
116,House,14066,81,1.0,AK,200,,,"YOUNG, Donald Edwin",Y000033,1933,2022.0,0.283,0.022,-225.61247,0.74545,768.0,84.0,,0.336,0.085,Donald Edwin,Young,Don Young
116,House,21995,93,0.0,AS,200,,,"RADEWAGEN, Aumua Amata Coleman",R000600,1947,,0.336,0.208,-15.74039,0.76925,60.0,8.0,,0.413,0.014,Aumua Amata Coleman,Radewagen,Amata Radewagen
116,House,20305,61,3.0,AZ,100,,,"GRIJALVA, Raúl M.",G000551,1948,,-0.598,-0.264,-23.04486,0.97052,770.0,9.0,,-0.594,-0.543,Raúl M.,Grijalva,Raúl Grijalva
116,House,20902,61,2.0,AZ,100,,,"KIRKPATRICK, Ann",K000368,1950,,-0.169,-0.01,-45.98655,0.93762,714.0,18.0,,-0.369,0.401,Ann,Kirkpatrick,Ann Kirkpatrick
116,House,21103,61,4.0,AZ,200,,,"GOSAR, Paul",G000565,1958,,0.699,-0.499,-107.01846,0.86768,754.0,35.0,,0.919,-0.395,Paul,Gosar,Paul Gosar
116,House,21105,61,6.0,AZ,200,,,"SCHWEIKERT, David",S001183,1962,,0.561,-0.251,-196.5483,0.78431,809.0,83.0,,0.521,-0.312,David,Schweikert,David Schweikert
116,House,21502,61,7.0,AZ,100,,,"GALLEGO, Ruben",G000574,1979,,-0.418,0.069,-21.00615,0.97402,798.0,11.0,,-0.431,0.046,Ruben,Gallego,Ruben Gallego
116,House,21705,61,5.0,AZ,200,,,"BIGGS, Andrew S.",B001302,1958,,0.827,-0.562,-95.5335,0.88664,794.0,32.0,,1.0,-0.03,Andrew S.,Biggs,Andy Biggs
116,House,21739,61,1.0,AZ,100,,,"O'HALLERAN, Thomas C.",O000171,1946,,-0.198,0.18,-43.50479,0.94701,799.0,16.0,,-0.333,0.404,Thomas C.,O'halleran,Tom O'Halleran
116,House,21757,61,8.0,AZ,200,,,"LESKO, Debbie",L000589,1958,,0.614,-0.077,-109.86003,0.87063,793.0,53.0,,0.591,0.019,Debbie,Lesko,Debbie Lesko
116,House,21968,61,9.0,AZ,100,,,"STANTON, Greg",S001211,1970,,-0.284,0.247,-30.01108,0.96358,809.0,8.0,,-0.313,-0.042,Greg,Stanton,Greg Stanton
116,House,21106,42,1.0,AR,200,,,"CRAWFORD, Rick",C001087,1966,,0.457,0.32,-81.55161,0.89644,746.0,32.0,,0.508,0.518,Rick,Crawford,Rick Crawford
116,House,21108,42,3.0,AR,200,,,"WOMACK, Steve",W000809,1957,,0.348,0.621,-70.65395,0.91657,811.0,28.0,,0.382,0.599,Steve,Womack,Steve Womack
116,House,21503,42,2.0,AR,200,,,"HILL, French",H001072,1956,,0.437,0.27,-92.30711,0.89166,805.0,34.0,,0.421,0.337,French,Hill,French Hill
116,House,21563,42,4.0,AR,200,,,"WESTERMAN, Bruce Eugene",W000821,1967,,0.55,0.305,-77.10537,0.90768,796.0,31.0,,0.557,0.395,Bruce Eugene,Westerman,Bruce Westerman
116,House,15448,71,12.0,CA,100,,,"PELOSI, Nancy",P000197,1940,,-0.49,-0.197,-1.12054,0.98366,68.0,0.0,,-0.399,0.23,Nancy,Pelosi,Nancy Pelosi
116,House,20104,71,28.0,CA,100,,,"SCHIFF, Adam",S001150,1960,,-0.35,-0.133,-14.92084,0.98173,809.0,4.0,,-0.427,-0.005,Adam,Schiff,Adam Schiff
116,House,20108,71,53.0,CA,100,,,"DAVIS, Susan A.",D000598,1944,,-0.343,-0.103,-15.76482,0.98049,800.0,4.0,,-0.341,-0.007,Susan A.,Davis,Susan Davis
116,House,20307,71,22.0,CA,200,,,"NUNES, Devin",N000181,1973,,0.45,0.223,-81.10016,0.90371,801.0,30.0,,0.462,0.366,Devin,Nunes,Devin Nunes
116,House,20310,71,38.0,CA,100,,,"SÁNCHEZ, Linda T.",S001156,1969,,-0.508,-0.135,-13.18736,0.98338,787.0,5.0,,-0.523,-0.037,Linda T.,Sánchez,Linda Sánchez
116,House,20501,71,16.0,CA,100,,,"COSTA, Jim",C001059,1952,,-0.196,0.458,-96.02139,0.88716,802.0,31.0,,-0.373,0.757,Jim,Costa,Jim Costa
116,House,20538,71,6.0,CA,100,,,"MATSUI, Doris",M001163,1944,,-0.435,-0.146,-28.09303,0.96566,804.0,9.0,,-0.42,0.083,Doris,Matsui,Doris Matsui
116,House,20702,71,9.0,CA,100,,,"McNERNEY, Jerry",M001166,1951,,-0.263,-0.159,-19.97492,0.97494,787.0,8.0,,-0.428,-0.167,Jerry,Mcnerney,Jerry McNerney
116,House,20703,71,23.0,CA,200,,,"MCCARTHY, Kevin",M001165,1965,,0.453,0.233,-93.5791,0.88816,789.0,41.0,,0.424,0.371,Kevin,Mccarthy,Kevin McCarthy
116,House,20762,71,14.0,CA,100,,,"SPEIER, Karen Lorraine Jacqueline (Jackie)",S001175,1950,,-0.381,-0.41,-40.95259,0.9484,773.0,9.0,,-0.316,-0.227,Karen Lorraine Jacqueline (Jackie),Speier,Jackie Speier
116,House,20903,71,4.0,CA,200,,,"McCLINTOCK, Tom",M001177,1956,,0.682,-0.401,-164.27171,0.81247,791.0,79.0,,0.645,-0.386,Tom,Mcclintock,Tom McClintock
116,House,20955,71,27.0,CA,100,,,"CHU, Judy",C001080,1953,,-0.489,-0.379,-16.17171,0.98021,809.0,6.0,,-0.437,-0.42,Judy,Chu,Judy Chu
116,House,20958,71,3.0,CA,100,,,"GARAMENDI, John",G000559,1945,,-0.309,-0.096,-31.516,0.96123,797.0,8.0,,-0.303,-0.032,John,Garamendi,John Garamendi
116,House,20963,71,50.0,CA,200,,,"HUNTER, Duncan Duane",H001048,1976,,0.539,0.085,-124.54558,0.79736,550.0,57.0,,0.637,-0.1,Duncan Duane,Hunter,Duncan Hunter
116,House,21110,71,37.0,CA,100,,,"BASS, Karen",B001270,1953,,-0.584,-0.098,-16.74924,0.97843,768.0,8.0,,-0.572,-0.369,Karen,Bass,Karen Bass
116,House,21302,71,1.0,CA,200,,,"LaMALFA, Doug",L000578,1960,,0.538,0.026,-123.33075,0.85478,786.0,50.0,,0.507,0.083,Doug,Lamalfa,Doug LaMalfa
116,House,21303,71,2.0,CA,100,,,"HUFFMAN, Jared",H001068,1964,,-0.428,-0.527,-27.91146,0.96507,785.0,10.0,,-0.428,-0.684,Jared,Huffman,Jared Huffman
116,House,21304,71,7.0,CA,100,,,"BERA, Ami",B001287,1965,,-0.241,0.013,-29.05542,0.96476,810.0,11.0,,-0.363,0.303,Ami,Bera,Ami Bera
116,House,21305,71,8.0,CA,200,,,"COOK, Paul",C001094,1943,,0.372,0.208,-106.11394,0.87064,766.0,43.0,,0.323,0.37,Paul,Cook,Paul Cook
116,House,21306,71,15.0,CA,100,,,"SWALWELL, Eric",S001193,1980,,-0.362,-0.077,-21.64677,0.96601,626.0,6.0,,-0.521,0.264,Eric,Swalwell,Eric Swalwell
116,House,21308,71,26.0,CA,100,,,"BROWNLEY, Julia",B001285,1952,,-0.294,0.051,-30.11958,0.96296,798.0,12.0,,-0.369,0.216,Julia,Brownley,Julia Brownley
116,House,21309,71,29.0,CA,100,,,"CÁRDENAS, Tony",C001097,1963,,-0.395,-0.003,-29.41578,0.96261,772.0,14.0,,-0.45,0.043,Tony,Cárdenas,Tony Cárdenas
116,House,21311,71,36.0,CA,100,,,"RUIZ, Raul",R000599,1972,,-0.252,0.049,-41.52551,0.95009,811.0,18.0,,-0.392,0.219,Raul,Ruiz,Raul Ruiz
116,House,21312,71,41.0,CA,100,,,"TAKANO, Mark",T000472,1960,,-0.465,-0.293,-18.70384,0.97678,796.0,8.0,,-0.408,-0.353,Mark,Takano,Mark Takano
116,House,21313,71,47.0,CA,100,,,"LOWENTHAL, Alan",L000579,1941,,-0.449,-0.384,-16.31742,0.98003,809.0,4.0,,-0.482,-0.52,Alan,Lowenthal,Alan Lowenthal
116,House,21314,71,51.0,CA,100,,,"VARGAS, Juan",V000130,1961,,-0.404,0.048,-31.37496,0.96116,792.0,11.0,,-0.554,-0.187,Juan,Vargas,Juan Vargas
116,House,21315,71,52.0,CA,100,,,"PETERS, Scott",P000608,1958,,-0.188,-0.032,-60.84028,0.92597,791.0,24.0,,-0.227,0.179,Scott,Peters,Scott Peters
116,House,21504,71,11.0,CA,100,,,"DESAULNIER, Mark James",D000623,1952,,-0.523,-0.372,-16.04906,0.98019,802.0,7.0,,-0.453,-0.608,Mark James,Desaulnier,Mark DeSaulnier
116,House,21506,71,31.0,CA,100,,,"AGUILAR, Peter Rey",A000371,1979,,-0.31,0.141,-48.16583,0.94185,804.0,19.0,,-0.443,0.395,Peter Rey,Aguilar,Pete Aguilar
116,House,21507,71,33.0,CA,100,,,"LIEU, Ted",L000582,1969,,-0.374,-0.229,-25.69547,0.96735,774.0,8.0,,-0.592,-0.169,Ted,Lieu,Ted Lieu
116,House,21508,71,35.0,CA,100,,,"TORRES, Norma Judith",T000474,1965,,-0.363,0.046,-32.88041,0.95973,800.0,12.0,,-0.395,0.075,Norma Judith,Torres,Norma Torres
116,House,21703,71,44.0,CA,100,,,"BARRAGÁN, Nanette Diaz",B001300,1976,,-0.506,-0.105,-20.55049,0.97458,798.0,11.0,,-0.492,-0.486,Nanette Diaz,Barragán,Nanette Barragán
116,House,21709,71,24.0,CA,100,,,"CARBAJAL, Salud",C001112,1964,,-0.31,0.101,-17.05426,0.97919,811.0,4.0,,-0.357,0.077,Salud,Carbajal,Salud Carbajal
116,House,21711,71,46.0,CA,100,,,"CORREA, Jose Luis",C001110,1958,,-0.29,0.234,-57.7607,0.93018,798.0,24.0,,-0.341,0.169,Jose Luis,Correa,Lou Correa
116,House,21728,71,17.0,CA,100,,,"KHANNA, Rohit",K000389,1976,,-0.504,-0.255,-42.43459,0.9489,809.0,14.0,,-0.323,-0.665,Rohit,Khanna,Ro Khanna
116,House,21740,71,20.0,CA,100,,,"PANETTA, James Varni",P000613,1969,,-0.288,0.126,-35.112,0.95763,811.0,15.0,,-0.306,0.238,James Varni,Panetta,Jimmy Panetta
116,House,21754,71,34.0,CA,100,,,"GOMEZ, Jimmy",G000585,1974,,-0.542,-0.302,-27.87011,0.96593,804.0,11.0,,-0.416,-0.569,Jimmy,Gomez,Jimmy Gomez
116,House,21907,71,39.0,CA,100,,,"CISNEROS, Gil",C001123,1971,,-0.376,0.575,-48.30079,0.94197,808.0,16.0,,-0.377,0.577,Gil,Cisneros,Gil Cisneros
116,House,21909,71,21.0,CA,100,,,"COX, TJ",C001124,1963,,-0.343,0.478,-48.50115,0.94117,800.0,14.0,,-0.344,0.479,TJ,Cox,TJ Cox
116,House,21930,71,10.0,CA,100,,,"HARDER, Josh",H001090,1986,,-0.352,0.572,-64.44894,0.92297,804.0,20.0,,-0.386,0.763,Josh,Harder,Josh Harder
116,House,21932,71,25.0,CA,100,,,"HILL, Katie",H001087,1987,,-0.306,0.114,-20.26703,0.96104,510.0,8.0,,-0.305,0.113,Katie,Hill,Katie Hill
116,House,21939,71,49.0,CA,100,,,"LEVIN, Mike",L000593,1978,,-0.338,0.156,-21.05545,0.97437,811.0,7.0,,-0.353,0.124,Mike,Levin,Mike Levin
116,House,21954,71,45.0,CA,100,,,"PORTER, Katie",P000618,1974,,-0.224,-0.278,-122.77835,0.85739,798.0,38.0,,-0.179,0.016,Katie,Porter,Katie Porter
116,House,21960,71,48.0,CA,100,,,"ROUDA, Harley",R000616,1961,,-0.336,0.559,-42.41024,0.94792,793.0,11.0,,-0.336,0.56,Harley,Rouda,Harley Rouda
116,House,21988,71,25.0,CA,200,,,"GARCIA, Mike",G000061,1976,,0.362,0.067,-15.26063,0.88151,121.0,6.0,,0.386,0.447,Mike,Garcia,Mike Garcia
116,House,29106,71,43.0,CA,100,,,"WATERS, Maxine",W000187,1938,,-0.656,-0.079,-55.24638,0.93351,803.0,18.0,,-0.589,0.367,Maxine,Waters,Maxine Waters
116,House,29312,71,18.0,CA,100,,,"ESHOO, Anna Georges",E000215,1942,,-0.38,-0.397,-13.29447,0.98329,789.0,6.0,,-0.395,-0.213,Anna Georges,Eshoo,Anna Eshoo
116,House,29317,71,40.0,CA,100,,,"ROYBAL-ALLARD, Lucille",R000486,1941,,-0.469,-0.171,-15.44375,0.98076,795.0,5.0,,-0.399,-0.107,Lucille,Roybal-allard,Lucille Roybal-Allard
116,House,29323,71,42.0,CA,200,,,"CALVERT, Ken",C000059,1953,,0.341,0.263,-80.37505,0.9035,792.0,25.0,,0.321,0.524,Ken,Calvert,Ken Calvert
116,House,29504,71,19.0,CA,100,,,"LOFGREN, Zoe",L000397,1947,,-0.399,-0.419,-32.87271,0.95919,789.0,11.0,,-0.461,-0.466,Zoe,Lofgren,Zoe Lofgren
116,House,29707,71,30.0,CA,100,,,"SHERMAN, Brad",S000344,1954,,-0.343,-0.141,-20.95891,0.97401,796.0,11.0,,-0.454,0.067,Brad,Sherman,Brad Sherman
116,House,29778,71,13.0,CA,100,,,"LEE, Barbara",L000551,1946,,-0.677,-0.569,-25.81312,0.96833,802.0,11.0,,-0.545,-0.828,Barbara,Lee,Barbara Lee
116,House,29901,71,5.0,CA,100,,,"THOMPSON, Michael",T000460,1951,,-0.393,0.068,-37.13945,0.9543,794.0,18.0,,-0.441,0.414,Michael,Thompson,Mike Thompson
116,House,29903,71,32.0,CA,100,,,"NAPOLITANO, Grace Flores",N000179,1936,,-0.449,-0.245,-18.34123,0.97742,803.0,9.0,,-0.479,-0.253,Grace Flores,Napolitano,Grace Napolitano
116,House,20704,62,5.0,CO,200,,,"LAMBORN, Doug",L000564,1954,,0.667,0.232,-73.16192,0.91112,786.0,31.0,,0.636,0.236,Doug,Lamborn,Doug Lamborn
116,House,20705,62,7.0,CO,100,,,"PERLMUTTER, Ed",P000593,1953,,-0.282,0.072,-29.08088,0.96294,770.0,10.0,,-0.301,-0.033,Ed,Perlmutter,Ed Perlmutter
116,House,21111,62,3.0,CO,200,,,"TIPTON, Scott",T000470,1956,,0.451,-0.023,-127.84774,0.85366,808.0,51.0,,0.445,-0.0,Scott,Tipton,Scott Tipton
116,House,21510,62,4.0,CO,200,,,"BUCK, Kenneth Robert",B001297,1959,,0.656,-0.431,-118.16845,0.84688,711.0,44.0,,0.73,-0.418,Kenneth Robert,Buck,Ken Buck
116,House,21912,62,6.0,CO,100,,,"CROW, Jason",C001121,1979,,-0.319,0.209,-61.53136,0.92685,810.0,28.0,,-0.273,0.408,Jason,Crow,Jason Crow
116,House,21948,62,2.0,CO,100,,,"NEGUSE, Joseph",N000191,1984,,-0.396,-0.215,-20.20136,0.97534,809.0,8.0,,-0.466,-0.463,Joseph,Neguse,Joe Neguse
116,House,29710,62,1.0,CO,100,,,"DeGETTE, Diana",D000197,1957,,-0.431,-0.303,-18.22592,0.9775,801.0,8.0,,-0.4,-0.356,Diana,Degette,Diana DeGette
116,House,20706,1,2.0,CT,100,,,"COURTNEY, Joe",C001069,1953,,-0.34,0.03,-21.81944,0.97342,810.0,5.0,,-0.36,0.014,Joe,Courtney,Joe Courtney
116,House,20907,1,4.0,CT,100,,,"HIMES, James A.",H001047,1966,,-0.24,-0.226,-41.85354,0.94897,799.0,16.0,,-0.32,0.131,James A.,Himes,Jim Himes
116,House,21931,1,5.0,CT,100,,,"HAYES, Jahana",H001081,1973,,-0.316,-0.132,-21.37764,0.9729,778.0,5.0,,-0.372,-0.031,Jahana,Hayes,Jahana Hayes
116,House,29109,1,3.0,CT,100,,,"DeLAURO, Rosa L.",D000216,1943,,-0.414,-0.116,-19.53096,0.97546,786.0,7.0,,-0.378,-0.042,Rosa L.,Delauro,Rosa DeLauro
116,House,29908,1,1.0,CT,100,,,"LARSON, John B.",L000557,1948,,-0.396,-0.047,-17.49251,0.97837,800.0,6.0,,-0.347,0.01,John B.,Larson,John Larson
116,House,21706,11,1.0,DE,100,,,"BLUNT ROCHESTER, Lisa",B001303,1962,,-0.347,-0.153,-15.13347,0.98144,808.0,2.0,,-0.399,-0.103,Lisa,Blunt rochester,Lisa Blunt Rochester
116,House,21993,55,0.0,DC,100,,,"NORTON, Eleanor Holmes",N000147,1937,,-0.497,-0.053,-11.69854,0.94704,215.0,4.0,,-0.301,0.113,Eleanor Holmes,Norton,Eleanor Holmes Norton
116,House,20316,43,25.0,FL,200,,,"DIAZ-BALART, Mario",D000600,1961,,0.284,0.141,-133.52477,0.84539,795.0,49.0,,0.288,0.2,Mario,Diaz-balart,Mario Diaz-Balart
116,House,20504,43,23.0,FL,100,,,"WASSERMAN SCHULTZ, Debbie",W000797,1966,,-0.416,0.088,-26.40259,0.96713,790.0,7.0,,-0.356,0.108,Debbie,Wasserman schultz,Debbie Wasserman Schultz
116,House,20708,43,14.0,FL,100,,,"CASTOR, Kathy",C001066,1966,,-0.437,0.06,-16.80939,0.97941,808.0,5.0,,-0.417,-0.065,Kathy,Castor,Kathy Castor
116,House,20709,43,16.0,FL,200,,,"BUCHANAN, Vernon G.",B001260,1951,,0.362,-0.095,-142.74896,0.83276,780.0,59.0,,0.342,0.003,Vernon G.,Buchanan,Vern Buchanan
116,House,20758,43,12.0,FL,200,,,"BILIRAKIS, Gus",B001257,1963,,0.419,-0.017,-126.24475,0.85092,782.0,55.0,,0.406,0.003,Gus,Bilirakis,Gus Bilirakis
116,House,20909,43,8.0,FL,200,,,"POSEY, Bill",P000599,1947,,0.531,-0.351,-182.66556,0.79472,795.0,83.0,,0.538,-0.344,Bill,Posey,Bill Posey
116,House,20959,43,22.0,FL,100,,,"DEUTCH, Theodore E. (Ted)",D000610,1966,,-0.401,-0.078,-19.78731,0.97511,785.0,5.0,,-0.394,0.062,Theodore E. (Ted),Deutch,Ted Deutch
116,House,21116,43,11.0,FL,200,,,"WEBSTER, Daniel A.",W000806,1949,,0.525,-0.094,-158.66502,0.81114,758.0,82.0,,0.56,-0.155,Daniel A.,Webster,Daniel Webster
116,House,21118,43,24.0,FL,100,,,"WILSON, Frederica",W000808,1942,,-0.477,-0.012,-12.4943,0.98312,734.0,4.0,,-0.538,0.027,Frederica,Wilson,Frederica Wilson
116,House,21317,43,3.0,FL,200,,,"YOHO, Ted",Y000065,1955,,0.704,-0.365,-131.16793,0.83387,722.0,57.0,,0.715,-0.336,Ted,Yoho,Ted Yoho
116,House,21321,43,21.0,FL,100,,,"FRANKEL, Lois",F000462,1948,,-0.397,-0.054,-22.33559,0.97148,772.0,9.0,,-0.345,-0.022,Lois,Frankel,Lois Frankel
116,House,21712,43,13.0,FL,100,,,"CRIST, Charlie Joseph Jr.",C001111,1956,,-0.227,0.079,-33.59071,0.95933,809.0,15.0,,-0.29,0.282,Charlie Joseph Jr.,Crist,Charlie Crist
116,House,21713,43,10.0,FL,100,,,"DEMINGS, Valdez Butler",D000627,1957,,-0.322,-0.006,-20.74385,0.97462,807.0,6.0,,-0.314,0.09,Valdez Butler,Demings,Val Demings
116,House,21714,43,2.0,FL,200,,,"DUNN, Neal Patrick",D000628,1953,,0.503,0.371,-125.26882,0.84674,753.0,54.0,,0.547,0.173,Neal Patrick,Dunn,Neal Dunn
116,House,21719,43,1.0,FL,200,,,"GAETZ, Matthew L. II",G000578,1982,,0.598,-0.646,-202.05135,0.75293,712.0,95.0,,0.593,-0.64,Matthew L. II,Gaetz,Matt Gaetz
116,House,21732,43,5.0,FL,100,,,"LAWSON, Alfred Jr.",L000586,1948,,-0.26,0.076,-35.0294,0.95647,787.0,15.0,,-0.262,0.073,Alfred Jr.,Lawson,Al Lawson Jr.
116,House,21735,43,18.0,FL,200,,,"MAST, Brian Jeffery",M001199,1980,,0.462,-0.359,-210.29533,0.76262,776.0,97.0,,0.455,-0.369,Brian Jeffery,Mast,Brian Mast
116,House,21738,43,7.0,FL,100,,,"MURPHY, Stephanie",M001202,1978,,-0.161,0.123,-85.71652,0.89935,808.0,32.0,,-0.177,0.246,Stephanie,Murphy,Stephanie Murphy
116,House,21742,43,19.0,FL,200,,,"ROONEY, Francis",R000607,1953,,0.501,-0.494,-268.86408,0.60612,537.0,133.0,,0.486,-0.634,Francis,Rooney,Francis Rooney
116,House,21744,43,4.0,FL,200,,,"RUTHERFORD, John Henry",R000609,1952,,0.426,0.068,-165.10613,0.80945,781.0,75.0,,0.416,0.033,John Henry,Rutherford,John Rutherford
116,House,21746,43,9.0,FL,100,,,"SOTO, Darren Michael",S001200,1978,,-0.361,0.167,-20.01834,0.97529,800.0,6.0,,-0.363,0.008,Darren Michael,Soto,Darren Soto
116,House,21947,43,26.0,FL,100,,,"MUCARSEL-POWELL, Debbie",M001207,1971,,-0.345,0.332,-34.25115,0.9584,806.0,20.0,,-0.345,0.333,Debbie,Mucarsel-powell,Debbie Mucarsel-Powell
116,House,21963,43,27.0,FL,100,,,"SHALALA, Donna",S001206,1941,,-0.352,0.021,-17.13918,0.97901,808.0,6.0,,-0.351,0.018,Donna,Shalala,Donna Shalala
116,House,21967,43,15.0,FL,200,,,"SPANO, Ross",S001210,1966,,0.462,0.009,-113.84357,0.86564,789.0,39.0,,0.462,0.003,Ross,Spano,Ross Spano
116,House,21971,43,17.0,FL,200,,,"STEUBE, William",S001214,1978,,0.689,-0.284,-130.02043,0.847,783.0,59.0,,0.66,-0.34,William,Steube,Greg Steube
116,House,21981,43,6.0,FL,200,,,"WALTZ, Michael",W000823,1974,,0.442,-0.117,-151.66244,0.81974,763.0,68.0,,0.411,-0.147,Michael,Waltz,Michael Waltz
116,House,29337,43,20.0,FL,100,,,"HASTINGS, Alcee Lamar",H000324,1936,2021.0,-0.564,0.157,-14.78068,0.97652,622.0,4.0,,-0.54,0.212,Alcee Lamar,Hastings,Alcee Hastings
116,House,15431,44,5.0,GA,100,,,"LEWIS, John R.",L000287,1940,2020.0,-0.589,-0.221,-11.00536,0.98252,624.0,5.0,,-0.449,-0.132,John R.,Lewis,John Lewis
116,House,20321,44,13.0,GA,100,,,"SCOTT, David",S001157,1945,,-0.304,0.168,-23.48105,0.97118,803.0,5.0,,-0.361,0.123,David,Scott,David Scott
116,House,20712,44,4.0,GA,100,,,"JOHNSON, Hank",J000288,1954,,-0.473,-0.025,-36.1536,0.95598,803.0,10.0,,-0.461,-0.075,Hank,Johnson,Hank Johnson
116,House,20962,44,14.0,GA,200,,,"GRAVES, Tom",G000560,1970,,0.716,-0.002,-113.96483,0.85361,720.0,41.0,,0.664,0.143,Tom,Graves,Tom Graves
116,House,21122,44,7.0,GA,200,,,"WOODALL, Rob",W000810,1970,,0.593,-0.173,-143.25698,0.83623,801.0,64.0,,0.501,0.112,Rob,Woodall,Rob Woodall
116,House,21123,44,8.0,GA,200,,,"SCOTT, Austin",S001189,1969,,0.535,0.354,-94.93234,0.8865,788.0,33.0,,0.56,0.353,Austin,Scott,Austin Scott
116,House,21323,44,9.0,GA,200,,,"COLLINS, Doug",C001093,1966,,0.61,0.134,-81.58804,0.89601,743.0,31.0,,0.595,0.303,Doug,Collins,Doug Collins
116,House,21513,44,1.0,GA,200,,,"CARTER, Buddy",C001103,1957,,0.562,0.317,-99.56257,0.8827,798.0,37.0,,0.596,0.179,Buddy,Carter,Buddy Carter
116,House,21514,44,10.0,GA,200,,,"HICE, Jody Brownlow",H001071,1960,,0.797,-0.242,-82.05851,0.89803,763.0,32.0,,0.856,-0.087,Jody Brownlow,Hice,Jody Hice
116,House,21515,44,11.0,GA,200,,,"LOUDERMILK, Barry D.",L000583,1963,,0.682,-0.003,-80.78459,0.89086,699.0,30.0,,0.715,0.133,Barry D.,Loudermilk,Barry Loudermilk
116,House,21516,44,12.0,GA,200,,,"ALLEN, Rick W.",A000372,1951,,0.692,0.291,-91.73229,0.89192,802.0,38.0,,0.756,0.355,Rick W.,Allen,Rick Allen
116,House,21717,44,3.0,GA,200,,,"FERGUSON, Anderson Drew IV",F000465,1966,,0.597,0.22,-120.83704,0.85883,794.0,51.0,,0.655,0.165,Anderson Drew IV,Ferguson,Drew Ferguson
116,House,21944,44,6.0,GA,100,,,"McBATH, Lucy",M001208,1960,,-0.322,0.258,-69.62896,0.91753,809.0,25.0,,-0.249,0.354,Lucy,Mcbath,Lucy McBath
116,House,21991,44,5.0,GA,100,,,"HALL, Kwanza",H001092,1971,,,,,,,,,-0.392,0.628,Kwanza,Hall,Kwanza Hall
116,House,29339,44,2.0,GA,100,,,"BISHOP, Sanford Dixon, Jr.",B000490,1947,,-0.285,0.454,-57.15819,0.93054,794.0,29.0,,-0.338,0.281,Sanford Dixon,Bishop,Sanford Bishop
116,House,21997,94,0.0,GU,100,,,"SAN NICOLAS, Michael",S001204,1981,,-0.41,-0.52,-0.92032,0.99189,113.0,0.0,,-0.407,-0.494,Michael,San nicolas,Michael San Nicolas
116,House,20322,82,1.0,HI,100,,,"CASE, Ed",C001055,1952,,-0.198,-0.083,-51.39672,0.9383,807.0,17.0,,-0.195,0.01,Ed,Case,Ed Case
116,House,21324,82,2.0,HI,100,,,"GABBARD, Tulsi",G000571,1981,,-0.274,-0.282,-39.27084,0.92793,525.0,14.0,,-0.258,-0.641,Tulsi,Gabbard,Tulsi Gabbard
116,House,21920,63,1.0,ID,200,,,"FULCHER, Russell",F000469,1962,,0.639,-0.039,-98.28364,0.88453,801.0,41.0,,0.628,0.036,Russell,Fulcher,Russ Fulcher
116,House,29910,63,2.0,ID,200,,,"SIMPSON, Michael K.",S001148,1950,,0.297,0.307,-178.95198,0.7931,772.0,66.0,,0.332,0.282,Michael K.,Simpson,Mike Simpson
116,House,20508,21,3.0,IL,100,,,"LIPINSKI, Daniel",L000563,1966,,-0.227,0.176,-109.5829,0.87002,787.0,33.0,,-0.146,0.05,Daniel,Lipinski,Dan Lipinski
116,House,20749,21,11.0,IL,100,,,"FOSTER, Bill",F000454,1955,,-0.233,-0.215,-26.07534,0.96785,798.0,5.0,,-0.414,0.107,Bill,Foster,Bill Foster
116,House,20954,21,5.0,IL,100,,,"QUIGLEY, Mike",Q000023,1958,,-0.324,-0.259,-19.35712,0.97595,795.0,6.0,,-0.387,-0.087,Mike,Quigley,Mike Quigley
116,House,21128,21,16.0,IL,200,,,"KINZINGER, Adam",K000378,1978,,0.234,0.382,-146.30003,0.82427,757.0,59.0,,0.297,0.211,Adam,Kinzinger,Adam Kinzinger
116,House,21326,21,10.0,IL,100,,,"SCHNEIDER, Brad",S001190,1961,,-0.187,-0.14,-34.25204,0.95839,806.0,8.0,,-0.295,0.024,Brad,Schneider,Brad Schneider
116,House,21328,21,13.0,IL,200,,,"DAVIS, Rodney",D000619,1970,,0.279,0.17,-127.61099,0.85066,789.0,47.0,,0.234,0.341,Rodney,Davis,Rodney Davis
116,House,21329,21,17.0,IL,100,,,"BUSTOS, Cheri",B001286,1961,,-0.239,0.054,-27.8776,0.96617,810.0,8.0,,-0.299,0.196,Cheri,Bustos,Cheri Bustos
116,House,21371,21,2.0,IL,100,,,"KELLY, Robin L.",K000385,1956,,-0.467,-0.023,-23.42402,0.97143,808.0,10.0,,-0.445,0.029,Robin L.,Kelly,Robin Kelly
116,House,21519,21,12.0,IL,200,,,"BOST, Mike",B001295,1960,,0.384,0.031,-107.86456,0.86211,727.0,46.0,,0.292,0.453,Mike,Bost,Mike Bost
116,House,21562,21,18.0,IL,200,,,"LaHOOD, Darin",L000585,1968,,0.458,0.217,-92.62579,0.88749,776.0,37.0,,0.473,0.284,Darin,Lahood,Darin LaHood
116,House,21730,21,8.0,IL,100,,,"KRISHNAMOORTHI, S. Raja",K000391,1973,,-0.328,-0.03,-32.03985,0.96112,808.0,12.0,,-0.359,0.152,S. Raja,Krishnamoorthi,Raja Krishnamoorthi
116,House,21906,21,6.0,IL,100,,,"CASTEN, Sean",C001117,1971,,-0.652,0.497,-41.00605,0.95064,810.0,10.0,,-0.402,0.253,Sean,Casten,Sean Casten
116,House,21921,21,4.0,IL,100,,,"GARCÍA, Jesús",G000586,1956,,-0.43,-0.893,-27.96303,0.9659,806.0,11.0,,-0.459,-0.784,Jesús,García,Chuy García
116,House,21979,21,14.0,IL,100,,,"UNDERWOOD, Lauren",U000040,1986,,-0.58,0.449,-49.75138,0.94007,805.0,13.0,,-0.552,0.641,Lauren,Underwood,Lauren Underwood
116,House,29346,21,1.0,IL,100,,,"RUSH, Bobby L.",R000515,1946,,-0.479,-0.203,-23.64154,0.97003,777.0,6.0,,-0.48,-0.16,Bobby L.,Rush,Bobby Rush
116,House,29717,21,7.0,IL,100,,,"DAVIS, Danny K.",D000096,1941,,-0.486,-0.26,-15.78589,0.98022,790.0,3.0,,-0.483,-0.316,Danny K.,Davis,Danny Davis
116,House,29718,21,15.0,IL,200,,,"SHIMKUS, John M.",S000364,1958,,0.375,0.154,-98.57355,0.87925,766.0,45.0,,0.395,0.308,John M.,Shimkus,John Shimkus
116,House,29911,21,9.0,IL,100,,,"SCHAKOWSKY, Janice D.",S001145,1944,,-0.603,-0.276,-16.57824,0.97952,801.0,6.0,,-0.517,-0.479,Janice D.,Schakowsky,Jan Schakowsky
116,House,15124,22,1.0,IN,100,,,"VISCLOSKY, Peter",V000108,1949,,-0.402,0.244,-25.35942,0.96899,805.0,5.0,,-0.453,0.212,Peter,Visclosky,Pete Visclosky
116,House,20757,22,7.0,IN,100,,,"CARSON, André",C001072,1974,,-0.43,0.04,-40.32137,0.9512,806.0,12.0,,-0.548,0.289,André,Carson,André Carson
116,House,21132,22,8.0,IN,200,,,"BUCSHON, Larry",B001275,1962,,0.383,0.373,-99.39573,0.8805,781.0,44.0,,0.452,0.298,Larry,Bucshon,Larry Bucshon
116,House,21330,22,2.0,IN,200,,,"WALORSKI, Jackie",W000813,1963,2022.0,0.436,0.315,-86.07111,0.8959,783.0,38.0,,0.39,0.371,Jackie,Walorski,Jackie Walorski
116,House,21331,22,5.0,IN,200,,,"BROOKS, Susan",B001284,1960,,0.352,0.217,-134.01795,0.8412,775.0,65.0,,0.326,0.176,Susan,Brooks,Susan Brooks
116,House,21702,22,3.0,IN,200,,,"BANKS, James E.",B001299,1979,,0.651,0.058,-112.25026,0.86999,806.0,55.0,,0.634,0.029,James E.,Banks,Jim Banks
116,House,21725,22,9.0,IN,200,,,"HOLLINGSWORTH, Joseph Albert III",H001074,1983,,0.417,-0.243,-203.66398,0.77224,788.0,98.0,,0.403,-0.309,Joseph Albert III,Hollingsworth,Trey Hollingsworth
116,House,21903,22,4.0,IN,200,,,"BAIRD, James",B001307,1945,,0.449,0.61,-80.90482,0.90472,808.0,35.0,,0.427,0.668,James,Baird,Jim Baird
116,House,21952,22,6.0,IN,200,,,"PENCE, Gregory",P000615,1956,,0.506,0.151,-102.85595,0.87878,796.0,50.0,,0.457,0.357,Gregory,Pence,Greg Pence
116,House,20325,31,4.0,IA,200,,,"KING, Steve",K000362,1949,,0.613,0.171,-190.61697,0.77372,743.0,87.0,,0.583,-0.184,Steve,King,Steve King
116,House,20720,31,2.0,IA,100,,,"LOEBSACK, Dave",L000565,1952,,-0.276,-0.027,-28.98965,0.96415,794.0,8.0,,-0.3,0.214,Dave,Loebsack,Dave Loebsack
116,House,21902,31,3.0,IA,100,,,"AXNE, Cynthia",A000378,1965,,-0.25,0.528,-80.08022,0.90452,798.0,37.0,,-0.239,0.568,Cynthia,Axne,Cindy Axne
116,House,21918,31,1.0,IA,100,,,"FINKENAUER, Abby",F000467,1988,,-0.224,0.501,-79.52809,0.90626,808.0,41.0,,-0.224,0.501,Abby,Finkenauer,Abby Finkenauer
116,House,21734,32,1.0,KS,200,,,"MARSHALL, Roger Wayne",M001198,1960,,0.593,0.176,-124.23877,0.85153,773.0,55.0,,0.546,0.091,Roger Wayne,Marshall,Roger Marshall
116,House,21750,32,4.0,KS,200,,,"ESTES, Ron",E000298,1956,,0.643,0.058,-99.59413,0.88267,798.0,46.0,,0.622,0.087,Ron,Estes,Ron Estes
116,House,21914,32,3.0,KS,100,,,"DAVIDS, Sharice",D000629,1980,,-0.269,0.267,-57.94026,0.93072,807.0,22.0,,-0.25,0.206,Sharice,Davids,Sharice Davids
116,House,21982,32,2.0,KS,200,,,"WATKINS, Steve",W000824,1976,,0.549,0.079,-114.0218,0.86747,802.0,52.0,,0.549,0.079,Steve,Watkins,Steve Watkins
116,House,14854,51,5.0,KY,200,,,"ROGERS, Harold Dallas (Hal)",R000395,1937,,0.334,0.142,-88.57327,0.89507,799.0,27.0,,0.336,0.593,Harold Dallas (Hal),Rogers,Hal Rogers
116,House,20723,51,3.0,KY,100,,,"YARMUTH, John",Y000062,1947,,-0.378,-0.275,-20.37847,0.97488,801.0,6.0,,-0.444,-0.161,John,Yarmuth,John Yarmuth
116,House,20916,51,2.0,KY,200,,,"GUTHRIE, Brett",G000558,1964,,0.426,0.275,-72.30567,0.91379,802.0,26.0,,0.442,0.455,Brett,Guthrie,Brett Guthrie
116,House,21333,51,6.0,KY,200,,,"BARR, Garland H. (Andy) IV",B001282,1973,,0.484,0.294,-102.86786,0.87834,793.0,43.0,,0.497,0.293,Garland H. (Andy) IV,Barr,Andy Barr
116,House,21565,51,1.0,KY,200,,,"COMER, James",C001108,1972,,0.595,-0.039,-131.23188,0.8494,804.0,68.0,,0.638,0.028,James,Comer,James Comer
116,House,31102,51,4.0,KY,200,,,"MASSIE, Thomas",M001184,1971,,0.678,-0.735,-237.35972,0.73935,786.0,102.0,,0.919,-0.395,Thomas,Massie,Thomas Massie
116,House,20759,45,1.0,LA,200,,,"SCALISE, Steve",S001176,1965,,0.559,0.15,-84.42253,0.89997,801.0,38.0,,0.577,0.298,Steve,Scalise,Steve Scalise
116,House,21137,45,2.0,LA,100,,,"RICHMOND, Cedric",R000588,1973,,-0.486,0.332,-40.67477,0.94742,753.0,15.0,,-0.657,0.462,Cedric,Richmond,Cedric Richmond
116,House,21522,45,5.0,LA,200,,,"ABRAHAM, Ralph",A000374,1954,,0.541,0.257,-62.96669,0.87964,491.0,29.0,,0.607,0.154,Ralph,Abraham,Ralph Abraham
116,House,21523,45,6.0,LA,200,,,"GRAVES, Garret",G000577,1972,,0.43,0.029,-127.12159,0.85119,789.0,63.0,,0.42,-0.016,Garret,Graves,Garret Graves
116,House,21724,45,3.0,LA,200,,,"HIGGINS, Clay",H001077,1961,,0.627,-0.31,-141.81522,0.82322,729.0,70.0,,0.587,-0.217,Clay,Higgins,Clay Higgins
116,House,21727,45,4.0,LA,200,,,"JOHNSON, Mike",J000299,1972,,0.566,-0.01,-114.01678,0.85792,744.0,44.0,,0.546,0.032,Mike,Johnson,Mike Johnson
116,House,20920,2,1.0,ME,100,,,"PINGREE, Chellie",P000597,1955,,-0.421,-0.36,-17.73541,0.97807,800.0,7.0,,-0.427,-0.328,Chellie,Pingree,Chellie Pingree
116,House,21923,2,2.0,ME,100,,,"GOLDEN, Jared",G000592,1982,,-0.11,0.374,-176.49506,0.80443,811.0,60.0,,-0.123,0.367,Jared,Golden,Jared Golden
116,House,14873,52,5.0,MD,100,,,"HOYER, Steny Hamilton",H000874,1939,,-0.381,0.121,-16.47352,0.97954,797.0,3.0,,-0.383,0.155,Steny Hamilton,Hoyer,Steny Hoyer
116,House,15433,52,7.0,MD,100,,,"MFUME, Kweisi",M000687,1948,,-0.443,-0.352,-1.55364,0.98745,123.0,0.0,,-0.588,-0.04,Kweisi,Mfume,Kweisi Mfume
116,House,20329,52,2.0,MD,100,,,"RUPPERSBERGER, C. A. (Dutch)",R000576,1946,,-0.297,0.127,-24.08999,0.9703,799.0,6.0,,-0.294,0.017,C. A. (Dutch),Ruppersberger,Dutch Ruppersberger
116,House,20724,52,3.0,MD,100,,,"SARBANES, John",S001168,1962,,-0.465,-0.071,-16.31867,0.98001,808.0,6.0,,-0.416,-0.084,John,Sarbanes,John Sarbanes
116,House,21139,52,1.0,MD,200,,,"HARRIS, Andy",H001052,1957,,0.671,-0.374,-146.1145,0.83153,792.0,56.0,,0.749,-0.398,Andy,Harris,Andy Harris
116,House,21707,52,4.0,MD,100,,,"BROWN, Anthony Gregory",B001304,1961,,-0.344,-0.063,-35.44179,0.95672,801.0,13.0,,-0.307,-0.065,Anthony Gregory,Brown,Anthony Brown
116,House,21741,52,8.0,MD,100,,,"RASKIN, Jamie Ben",R000606,1962,,-0.521,-0.245,-18.33722,0.97753,807.0,7.0,,-0.486,-0.544,Jamie Ben,Raskin,Jamie Raskin
116,House,21978,52,6.0,MD,100,,,"TRONE, David",T000483,1955,,-0.322,0.196,-31.6194,0.96096,794.0,5.0,,-0.268,-0.038,David,Trone,David Trone
116,House,29587,52,7.0,MD,100,,,"CUMMINGS, Elijah Eugene",C000984,1951,2019.0,-0.438,-0.148,-14.38346,0.96718,431.0,7.0,,-0.385,-0.096,Elijah Eugene,Cummings,Elijah Cummings
116,House,15616,3,1.0,MA,100,,,"NEAL, Richard Edmund",N000015,1949,,-0.417,-0.105,-11.38163,0.98584,798.0,3.0,,-0.432,-0.087,Richard Edmund,Neal,Richard Neal
116,House,20119,3,8.0,MA,100,,,"LYNCH, Stephen F.",L000562,1955,,-0.348,0.037,-32.87007,0.95994,804.0,10.0,,-0.302,-0.029,Stephen F.,Lynch,Stephen Lynch
116,House,21140,3,9.0,MA,100,,,"KEATING, William R.",K000375,1952,,-0.33,-0.112,-30.35962,0.96262,797.0,10.0,,-0.367,0.01,William R.,Keating,Bill Keating
116,House,21335,3,4.0,MA,100,,,"KENNEDY, Joseph P. III",K000379,1980,,-0.421,-0.206,-25.62281,0.96844,799.0,11.0,,-0.444,-0.619,Joseph P. III,Kennedy,Joe Kennedy III
116,House,21375,3,5.0,MA,100,,,"CLARK, Katherine M.",C001101,1963,,-0.482,-0.316,-15.54439,0.9808,802.0,5.0,,-0.425,-0.265,Katherine M.,Clark,Katherine Clark
116,House,21525,3,6.0,MA,100,,,"MOULTON, Seth",M001196,1978,,-0.282,-0.044,-69.60273,0.90822,723.0,27.0,,-0.231,0.185,Seth,Moulton,Seth Moulton
116,House,21955,3,7.0,MA,100,,,"PRESSLEY, Ayanna",P000617,1974,,-0.349,-0.937,-44.48792,0.94597,801.0,25.0,,-0.29,-0.957,Ayanna,Pressley,Ayanna Pressley
116,House,21977,3,3.0,MA,100,,,"TRAHAN, Lori",T000482,1973,,-0.421,-0.174,-19.70949,0.97599,811.0,5.0,,-0.472,-0.175,Lori,Trahan,Lori Trahan
116,House,29729,3,2.0,MA,100,,,"McGOVERN, James P.",M000312,1959,,-0.538,-0.323,-18.90018,0.97685,807.0,9.0,,-0.462,-0.624,James P.,Mcgovern,Jim McGovern
116,House,15446,23,6.0,MI,200,,,"UPTON, Frederick Stephen",U000031,1953,,0.32,-0.355,-192.31169,0.78773,806.0,92.0,,0.24,-0.044,Frederick Stephen,Upton,Fred Upton
116,House,20725,23,7.0,MI,200,,,"WALBERG, Tim",W000798,1951,,0.501,0.142,-98.13434,0.88456,800.0,36.0,,0.464,0.242,Tim,Walberg,Tim Walberg
116,House,21142,23,2.0,MI,200,,,"HUIZENGA, Bill",H001058,1969,,0.536,0.026,-142.06231,0.83542,790.0,53.0,,0.493,-0.034,Bill,Huizenga,Bill Huizenga
116,House,21143,23,3.0,MI,200,,,"AMASH, Justin",A000367,1980,,0.654,-0.757,-172.05329,0.62734,369.0,65.0,,0.919,-0.395,Justin,Amash,Justin Amash
116,House,21372,23,5.0,MI,100,,,"KILDEE, Dan",K000380,1958,,-0.367,-0.174,-19.69113,0.97601,811.0,7.0,,-0.489,-0.305,Dan,Kildee,Dan Kildee
116,House,21526,23,4.0,MI,200,,,"MOOLENAAR, John",M001194,1961,,0.45,0.169,-81.5759,0.90408,809.0,30.0,,0.399,0.37,John,Moolenaar,John Moolenaar
116,House,21529,23,12.0,MI,100,,,"DINGELL, Debbie",D000624,1953,,-0.404,-0.157,-21.15977,0.9736,791.0,9.0,,-0.396,-0.399,Debbie,Dingell,Debbie Dingell
116,House,21530,23,14.0,MI,100,,,"LAWRENCE, Brenda L",L000581,1954,,-0.448,-0.039,-13.23385,0.98322,782.0,4.0,,-0.467,0.032,Brenda L,Lawrence,Brenda Lawrence
116,House,21704,23,1.0,MI,200,,,"BERGMAN, John",B001301,1947,,0.436,0.079,-131.66662,0.84719,794.0,58.0,,0.43,0.095,John,Bergman,Jack Bergman
116,House,21737,23,10.0,MI,200,,,"MITCHELL, Paul",M001201,1956,2021.0,0.422,0.311,-106.11067,0.86741,746.0,43.0,,0.421,0.286,Paul,Mitchell,Paul Mitchell
116,House,21940,23,9.0,MI,100,,,"LEVIN, Andy",L000592,1960,,-0.474,-0.563,-16.7619,0.97949,809.0,6.0,,-0.534,-0.549,Andy,Levin,Andy Levin
116,House,21965,23,8.0,MI,100,,,"SLOTKIN, Elissa",S001208,1976,,-0.321,0.738,-104.08866,0.87941,810.0,43.0,,-0.3,0.776,Elissa,Slotkin,Elissa Slotkin
116,House,21972,23,11.0,MI,100,,,"STEVENS, Haley",S001215,1983,,-0.378,0.284,-43.10605,0.94817,810.0,19.0,,-0.337,0.364,Haley,Stevens,Haley Stevens
116,House,21975,23,13.0,MI,100,,,"TLAIB, Rashida",T000481,1976,,-0.291,-0.957,-48.71102,0.94128,805.0,25.0,,-0.255,-0.967,Rashida,Tlaib,Rashida Tlaib
116,House,91143,23,3.0,MI,328,,,"AMASH, Justin",A000367,1980,,0.359,-0.933,-284.06688,0.51732,431.0,157.0,,0.358,-0.934,Justin,Amash,Justin Amash
116,House,91737,23,10.0,MI,328,,,"MITCHELL, Paul",M001201,1956,2021.0,,,,,,,,-0.067,0.998,Paul,Mitchell,Paul Mitchell
116,House,20122,33,4.0,MN,100,,,"McCOLLUM, Betty",M001143,1954,,-0.417,-0.193,-26.04786,0.96835,810.0,7.0,,-0.458,-0.078,Betty,Mccollum,Betty McCollum
116,House,21531,33,6.0,MN,200,,,"EMMER, Thomas Earl II",E000294,1961,,0.468,-0.09,-140.81927,0.825,732.0,52.0,,0.489,-0.021,Thomas Earl II,Emmer,Tom Emmer
116,House,21910,33,2.0,MN,100,,,"CRAIG, Angela",C001119,1972,,-0.27,0.645,-78.1187,0.90817,811.0,25.0,,-0.311,0.708,Angela,Craig,Angie Craig
116,House,21929,33,1.0,MN,200,,,"HAGEDORN, Jim",H001088,1962,2022.0,0.477,0.345,-78.28015,0.9069,801.0,35.0,,0.459,0.377,Jim,Hagedorn,Jim Hagedorn
116,House,21950,33,5.0,MN,100,,,"OMAR, Ilhan",O000173,1982,,-0.298,-0.955,-55.5543,0.93108,778.0,26.0,,-0.278,-0.961,Ilhan,Omar,Ilhan Omar
116,House,21953,33,3.0,MN,100,,,"PHILLIPS, Dean",P000616,1969,,-0.28,0.181,-50.62478,0.93949,811.0,13.0,,-0.235,0.073,Dean,Phillips,Dean Phillips
116,House,21969,33,8.0,MN,200,,,"STAUBER, Peter",S001212,1966,,0.383,-0.112,-160.65013,0.81848,802.0,78.0,,0.288,0.163,Peter,Stauber,Pete Stauber
116,House,29127,33,7.0,MN,100,,,"PETERSON, Collin Clark",P000258,1944,,-0.148,0.712,-222.35446,0.75575,794.0,110.0,,-0.156,0.752,Collin Clark,Peterson,Collin Peterson
116,House,21148,46,4.0,MS,200,,,"PALAZZO, Steven",P000601,1970,,0.535,0.45,-91.96745,0.88617,761.0,45.0,,0.601,0.459,Steven,Palazzo,Steven Palazzo
116,House,21561,46,1.0,MS,200,,,"KELLY, Trent",K000388,1966,,0.637,0.273,-83.76648,0.89999,795.0,34.0,,0.676,0.239,Trent,Kelly,Trent Kelly
116,House,21927,46,3.0,MS,200,,,"GUEST, Michael",G000591,1970,,0.528,0.1,-99.01049,0.88304,796.0,42.0,,0.486,0.232,Michael,Guest,Michael Guest
116,House,29368,46,2.0,MS,100,,,"THOMPSON, Bennie",T000193,1948,,-0.517,0.395,-24.35947,0.96952,787.0,10.0,,-0.553,0.224,Bennie,Thompson,Bennie Thompson
116,House,20124,34,6.0,MO,200,,,"GRAVES, Samuel",G000546,1963,,0.447,0.167,-117.60529,0.86168,790.0,50.0,,0.518,0.4,Samuel,Graves,Sam Graves
116,House,20147,34,1.0,MO,100,,,"CLAY, William Lacy, Jr.",C001049,1956,,-0.481,-0.078,-19.15163,0.97562,776.0,8.0,,-0.586,0.04,William Lacy,Clay,Lacy Clay
116,House,20517,34,5.0,MO,100,,,"CLEAVER, Emanuel, II",C001061,1944,,-0.453,0.009,-36.0453,0.95455,775.0,13.0,,-0.453,0.003,Emanuel,Cleaver,Emanuel Cleaver
116,House,20926,34,3.0,MO,200,,,"LUETKEMEYER, Blaine",L000569,1952,,0.452,0.23,-104.84843,0.87731,801.0,48.0,,0.391,0.459,Blaine,Luetkemeyer,Blaine Luetkemeyer
116,House,21149,34,4.0,MO,200,,,"HARTZLER, Vicky",H001053,1960,,0.478,0.229,-120.92754,0.85873,794.0,44.0,,0.398,0.303,Vicky,Hartzler,Vicky Hartzler
116,House,21150,34,7.0,MO,200,,,"LONG, Billy",L000576,1955,,0.544,0.244,-126.26261,0.85383,799.0,52.0,,0.552,0.02,Billy,Long,Billy Long
116,House,21337,34,2.0,MO,200,,,"WAGNER, Ann",W000812,1962,,0.393,0.284,-134.97226,0.84221,786.0,63.0,,0.391,0.132,Ann,Wagner,Ann Wagner
116,House,21373,34,8.0,MO,200,,,"SMITH, Jason",S001195,1980,,0.581,0.254,-100.38769,0.88344,810.0,48.0,,0.582,0.107,Jason,Smith,Jason Smith
116,House,21751,64,1.0,MT,200,,,"GIANFORTE, Greg",G000584,1961,,0.431,0.085,-99.53171,0.87089,720.0,40.0,,0.435,0.095,Greg,Gianforte,Greg Gianforte
116,House,20518,35,1.0,NE,200,,,"FORTENBERRY, Jeff",F000449,1960,,0.304,-0.061,-163.1146,0.81323,789.0,72.0,,0.306,-0.034,Jeff,Fortenberry,Jeff Fortenberry
116,House,20729,35,3.0,NE,200,,,"SMITH, Adrian",S001172,1970,,0.513,0.233,-105.13045,0.87771,806.0,44.0,,0.562,0.236,Adrian,Smith,Adrian Smith
116,House,21701,35,2.0,NE,200,,,"BACON, Donald J.",B001298,1963,,0.294,0.156,-205.00147,0.77518,805.0,89.0,,0.382,-0.102,Donald J.,Bacon,Don Bacon
116,House,20927,65,1.0,NV,100,,,"TITUS, Alice (Dina)",T000468,1950,,-0.299,-0.193,-21.22754,0.97345,789.0,9.0,,-0.374,-0.272,Alice (Dina),Titus,Dina Titus
116,House,21196,65,2.0,NV,200,,,"AMODEI, Mark E.",A000369,1958,,0.387,0.196,-120.34778,0.85786,785.0,58.0,,0.399,0.238,Mark E.,Amodei,Mark Amodei
116,House,21339,65,4.0,NV,100,,,"HORSFORD, Steven",H001066,1973,,-0.342,0.135,-47.5013,0.94256,803.0,21.0,,-0.393,0.331,Steven,Horsford,Steven Horsford
116,House,21938,65,3.0,NV,100,,,"LEE, Susie",L000590,1966,,-0.235,0.31,-49.81682,0.94028,809.0,15.0,,-0.308,0.436,Susie,Lee,Susie Lee
116,House,21340,4,2.0,NH,100,,,"KUSTER, Ann McLane",K000382,1956,,-0.26,-0.098,-27.48806,0.96614,798.0,8.0,,-0.332,0.092,Ann McLane,Kuster,Annie Kuster
116,House,21951,4,1.0,NH,100,,,"PAPPAS, Chris",P000614,1980,,-0.237,0.343,-57.95773,0.93095,810.0,23.0,,-0.299,0.322,Chris,Pappas,Chris Pappas
116,House,14863,12,4.0,NJ,200,,,"SMITH, Christopher Henry",S000522,1953,,0.178,-0.173,-199.6734,0.77287,775.0,87.0,,0.2,-0.122,Christopher Henry,Smith,Chris Smith
116,House,15454,12,6.0,NJ,100,,,"PALLONE, Frank, Jr.",P000034,1951,,-0.404,-0.168,-16.58893,0.97975,811.0,5.0,,-0.423,-0.382,Frank,Pallone,Frank Pallone
116,House,20542,12,8.0,NJ,100,,,"SIRES, Albio",S001165,1951,,-0.404,0.098,-14.33639,0.98193,786.0,4.0,,-0.422,0.111,Albio,Sires,Albio Sires
116,House,21536,12,1.0,NJ,100,,,"NORCROSS, Donald",N000188,1958,,-0.421,0.328,-28.71769,0.96483,802.0,7.0,,-0.395,-0.011,Donald,Norcross,Donald Norcross
116,House,21538,12,12.0,NJ,100,,,"WATSON COLEMAN, Bonnie",W000822,1945,,-0.608,-0.193,-49.01423,0.94107,807.0,19.0,,-0.463,-0.159,Bonnie,Watson coleman,Bonnie Watson Coleman
116,House,21723,12,5.0,NJ,100,,,"GOTTHEIMER, Josh S.",G000583,1975,,-0.158,0.223,-106.08476,0.87682,807.0,52.0,,-0.171,0.456,Josh S.,Gottheimer,Josh Gottheimer
116,House,21937,12,3.0,NJ,100,,,"KIM, Andy",K000394,1982,,-0.357,0.288,-68.95966,0.91848,811.0,28.0,,-0.273,0.398,Andy,Kim,Andy Kim
116,House,21942,12,7.0,NJ,100,,,"MALINOWSKI, Tomaz",M001203,1965,,-0.272,0.121,-39.50926,0.95228,808.0,13.0,,-0.26,0.099,Tomaz,Malinowski,Tom Malinowski
116,House,21964,12,11.0,NJ,100,,,"SHERRILL, Mikie",S001207,1972,,-0.225,0.263,-73.92576,0.91246,807.0,32.0,,-0.184,0.241,Mikie,Sherrill,Mikie Sherrill
116,House,21980,12,2.0,NJ,100,,,"VAN DREW, Jefferson",V000133,1953,,-0.147,0.644,-89.13305,0.85956,589.0,37.0,,-0.147,0.643,Jefferson,Van drew,Jeff Van Drew
116,House,29741,12,9.0,NJ,100,,,"PASCRELL, William J., Jr.",P000096,1937,,-0.368,-0.006,-23.38596,0.97133,804.0,6.0,,-0.353,-0.183,William J.,Pascrell,Bill Pascrell Jr.
116,House,31103,12,10.0,NJ,100,,,"PAYNE, Donald, Jr.",P000604,1958,,-0.52,-0.097,-27.97381,0.96329,748.0,8.0,,-0.51,-0.028,Donald,Payne,Donald Payne Jr.
116,House,91980,12,2.0,NJ,200,,,"VAN DREW, Jefferson",V000133,1953,,0.38,-0.487,-110.99032,0.57726,202.0,41.0,,0.179,-0.181,Jefferson,Van drew,Jeff Van Drew
116,House,20932,66,3.0,NM,100,,,"LUJÁN, Ben Ray",L000570,1972,,-0.369,0.012,-25.87139,0.96849,808.0,13.0,,-0.31,-0.224,Ben Ray,Luján,Ben Ray Luján
116,House,21928,66,1.0,NM,100,,,"HAALAND, Debra",H001080,1960,,-0.332,-0.233,-20.64652,0.97474,807.0,9.0,,-0.324,-0.226,Debra,Haaland,Deb Haaland
116,House,21976,66,2.0,NM,100,,,"TORRES SMALL, Xochitl",T000484,1984,,-0.163,0.314,-99.88538,0.88358,807.0,42.0,,-0.163,0.314,Xochitl,Torres small,Xochitl Torres Small
116,House,15603,13,16.0,NY,100,,,"ENGEL, Eliot Lance",E000179,1947,,-0.408,-0.093,-23.72532,0.97078,800.0,9.0,,-0.45,-0.193,Eliot Lance,Engel,Eliot Engel
116,House,15612,13,17.0,NY,100,,,"LOWEY, Nita M.",L000480,1937,,-0.389,-0.152,-17.18646,0.97853,792.0,6.0,,-0.391,0.058,Nita M.,Lowey,Nita Lowey
116,House,20519,13,26.0,NY,100,,,"HIGGINS, Brian",H001038,1959,,-0.348,-0.032,-18.28138,0.97746,802.0,7.0,,-0.385,-0.034,Brian,Higgins,Brian Higgins
116,House,20733,13,9.0,NY,100,,,"CLARKE, Yvette Diane",C001067,1964,,-0.609,-0.246,-32.09361,0.96092,805.0,14.0,,-0.52,-0.623,Yvette Diane,Clarke,Yvette Clarke
116,House,20934,13,20.0,NY,100,,,"TONKO, Paul",T000469,1949,,-0.415,-0.268,-19.02471,0.97632,794.0,10.0,,-0.361,-0.405,Paul,Tonko,Paul Tonko
116,House,21101,13,23.0,NY,200,,,"REED, Thomas W. II",R000585,1971,,0.269,0.12,-157.57663,0.81896,789.0,67.0,,0.238,0.182,Thomas W. II,Reed,Tom Reed
116,House,21342,13,6.0,NY,100,,,"MENG, Grace",M001188,1975,,-0.376,-0.217,-59.95102,0.92754,797.0,26.0,,-0.281,-0.48,Grace,Meng,Grace Meng
116,House,21343,13,8.0,NY,100,,,"JEFFRIES, Hakeem",J000294,1970,,-0.486,-0.072,-18.25628,0.97738,798.0,7.0,,-0.499,-0.124,Hakeem,Jeffries,Hakeem Jeffries
116,House,21344,13,18.0,NY,100,,,"MALONEY, Sean Patrick",M001185,1966,,-0.239,0.114,-41.57777,0.9496,804.0,19.0,,-0.312,0.384,Sean Patrick,Maloney,Sean Patrick Maloney
116,House,21345,13,27.0,NY,200,,,"COLLINS, Chris",C001092,1950,,0.357,0.236,-61.83374,0.87498,463.0,22.0,,0.328,0.316,Chris,Collins,Chris Collins
116,House,21539,13,1.0,NY,200,,,"ZELDIN, Lee M",Z000017,1980,,0.397,-0.129,-168.93788,0.80942,799.0,75.0,,0.417,-0.145,Lee M,Zeldin,Lee Zeldin
116,House,21540,13,4.0,NY,100,,,"RICE, Kathleen Maura",R000602,1965,,-0.28,0.039,-53.88685,0.93358,784.0,25.0,,-0.273,0.232,Kathleen Maura,Rice,Kathleen Rice
116,House,21541,13,21.0,NY,200,,,"STEFANIK, Elise M",S001196,1984,,0.301,-0.125,-174.27645,0.8062,809.0,83.0,,0.231,-0.02,Elise M,Stefanik,Elise Stefanik
116,House,21542,13,24.0,NY,200,,,"KATKO, John",K000386,1962,,0.185,0.013,-151.17532,0.8234,778.0,59.0,,0.187,0.005,John,Katko,John Katko
116,House,21715,13,13.0,NY,100,,,"ESPAILLAT, Adriano J.",E000297,1954,,-0.583,-0.21,-30.08278,0.9635,809.0,13.0,,-0.455,-0.629,Adriano J.,Espaillat,Adriano Espaillat
116,House,21747,13,3.0,NY,100,,,"SUOZZI, Thomas",S001201,1962,,-0.219,0.087,-54.4867,0.93424,801.0,22.0,,-0.293,0.285,Thomas,Suozzi,Tom Suozzi
116,House,21761,13,25.0,NY,100,,,"MORELLE, Joseph D.",M001206,1957,,-0.329,0.157,-24.77842,0.96901,787.0,6.0,,-0.32,0.084,Joseph D.,Morelle,Joe Morelle
116,House,21904,13,22.0,NY,100,,,"BRINDISI, Anthony",B001308,1978,,-0.154,0.567,-136.69953,0.84418,807.0,45.0,,-0.154,0.568,Anthony,Brindisi,Anthony Brindisi
116,House,21916,13,19.0,NY,100,,,"DELGADO, Antonio",D000630,1977,,-0.233,0.277,-59.37012,0.92941,811.0,17.0,,-0.216,0.2,Antonio,Delgado,Antonio Delgado
116,House,21949,13,14.0,NY,100,,,"OCASIO-CORTEZ, Alexandria",O000172,1989,,-0.299,-0.954,-70.62186,0.91601,805.0,30.0,,-0.222,-0.975,Alexandria,Ocasio-cortez,Alexandria Ocasio-Cortez
116,House,21958,13,11.0,NY,100,,,"ROSE, Max",R000613,1986,,-0.176,0.269,-114.2671,0.86705,801.0,43.0,,-0.176,0.269,Max,Rose,Max Rose
116,House,21990,13,27.0,NY,200,,,"JACOBS, Chris",J000020,1966,,0.306,0.049,-15.80369,0.8373,89.0,9.0,,0.327,-0.107,Chris,Jacobs,Chris Jacobs
116,House,29134,13,15.0,NY,100,,,"SERRANO, José E.",S000248,1943,,-0.491,-0.377,-13.46589,0.98142,718.0,5.0,,-0.437,-0.311,José E.,Serrano,José Serrano
116,House,29375,13,2.0,NY,200,,,"KING, Peter T.",K000210,1944,,0.259,-0.03,-156.98659,0.82121,797.0,57.0,,0.253,0.007,Peter T.,King,Pete King
116,House,29377,13,10.0,NY,100,,,"NADLER, Jerrold Lewis",N000002,1947,,-0.508,-0.484,-18.2289,0.97716,789.0,7.0,,-0.544,-0.367,Jerrold Lewis,Nadler,Jerry Nadler
116,House,29378,13,7.0,NY,100,,,"VELÁZQUEZ, Nydia M.",V000081,1953,,-0.547,-0.351,-15.92893,0.98019,796.0,6.0,,-0.478,-0.58,Nydia M.,Velázquez,Nydia Velázquez
116,House,29379,13,12.0,NY,100,,,"MALONEY, Carolyn Bosher",M000087,1946,,-0.387,-0.285,-21.73659,0.97346,808.0,9.0,,-0.416,-0.42,Carolyn Bosher,Maloney,Carolyn Maloney
116,House,29776,13,5.0,NY,100,,,"MEEKS, Gregory W.",M001137,1953,,-0.415,-0.072,-18.47198,0.97627,769.0,7.0,,-0.528,0.065,Gregory W.,Meeks,Gregory Meeks
116,House,15438,47,4.0,NC,100,,,"PRICE, David Eugene",P000523,1940,,-0.343,-0.03,-16.71297,0.9795,807.0,6.0,,-0.38,-0.117,David Eugene,Price,David Price
116,House,20340,47,1.0,NC,100,,,"BUTTERFIELD, George Kenneth, Jr. (G.K.)",B001251,1947,,-0.404,0.184,-21.51918,0.97352,802.0,8.0,,-0.422,0.099,George Kenneth,Butterfield,G. K. Butterfield
116,House,20521,47,5.0,NC,200,,,"FOXX, Virginia Ann",F000450,1943,,0.623,0.18,-134.01631,0.84469,794.0,56.0,,0.562,0.061,Virginia Ann,Foxx,Virginia Foxx
116,House,20522,47,10.0,NC,200,,,"McHENRY, Patrick T.",M001156,1975,,0.529,0.131,-147.11339,0.82189,750.0,57.0,,0.415,0.084,Patrick T.,Mchenry,Patrick McHenry
116,House,21346,47,8.0,NC,200,,,"HUDSON, Richard",H001067,1971,,0.526,0.178,-121.57283,0.84981,747.0,49.0,,0.481,0.111,Richard,Hudson,Richard Hudson
116,House,21348,47,11.0,NC,200,,,"MEADOWS, Mark",M001187,1959,,0.605,-0.201,-132.76565,0.81396,645.0,60.0,,0.587,-0.209,Mark,Meadows,Mark Meadows
116,House,21349,47,2.0,NC,200,,,"HOLDING, George E.B.",H001065,1968,,0.604,0.165,-81.25937,0.89069,702.0,33.0,,0.534,0.272,George E.B.,Holding,George Holding
116,House,21543,47,6.0,NC,200,,,"WALKER, Bradley Mark",W000819,1969,,0.641,0.017,-80.78866,0.89115,701.0,33.0,,0.671,0.14,Bradley Mark,Walker,Mark Walker
116,House,21544,47,7.0,NC,200,,,"ROUZER, David",R000603,1972,,0.564,0.247,-116.08374,0.86509,801.0,46.0,,0.544,0.116,David,Rouzer,David Rouzer
116,House,21545,47,12.0,NC,100,,,"ADAMS, Alma",A000370,1946,,-0.468,0.017,-15.21603,0.98085,787.0,5.0,,-0.429,-0.061,Alma,Adams,Alma Adams
116,House,21708,47,13.0,NC,200,,,"BUDD, Theodore Paul",B001305,1971,,0.634,-0.074,-115.60114,0.86451,794.0,52.0,,0.659,-0.132,Theodore Paul,Budd,Ted Budd
116,House,21986,47,9.0,NC,200,,,"BISHOP, Dan",B001311,1964,,0.714,-0.377,-29.07213,0.91263,318.0,13.0,,0.858,0.058,Dan,Bishop,Dan Bishop
116,House,21987,47,3.0,NC,200,,,"MURPHY, Gregory Francis",M001210,1963,,0.485,0.076,-50.836,0.8552,325.0,20.0,,0.594,0.058,Gregory Francis,Murphy,Greg Murphy
116,House,29546,47,3.0,NC,200,,,"JONES, Walter Beaman, Jr.",J000255,1943,2019.0,0.244,-0.362,,,,,,,,Walter Beaman,Jones,Walter B. Jones Jr.
116,House,21901,36,1.0,ND,200,,,"ARMSTRONG, Kelly",A000377,1976,,0.449,0.101,-135.75946,0.84119,785.0,58.0,,0.466,0.036,Kelly,Armstrong,Kelly Armstrong
116,House,21996,95,0.0,MP,100,,,"SABLAN, Gregorio Kilili Camacho",S001177,1955,,-0.431,-0.128,-2.66815,0.98529,180.0,1.0,,-0.496,-0.205,Gregorio Kilili Camacho,Sablan,Gregorio Sablan
116,House,15029,24,9.0,OH,100,,,"KAPTUR, Marcia Carolyn (Marcy)",K000009,1946,,-0.348,0.117,-24.54946,0.9694,790.0,7.0,,-0.432,0.277,Marcia Carolyn (Marcy),Kaptur,Marcy Kaptur
116,House,20342,24,10.0,OH,200,,,"TURNER, Michael R.",T000463,1960,,0.269,0.245,-109.61872,0.8718,799.0,36.0,,0.307,0.259,Michael R.,Turner,Mike Turner
116,House,20343,24,13.0,OH,100,,,"RYAN, Timothy J.",R000577,1973,,-0.402,0.208,-19.77598,0.97039,658.0,9.0,,-0.363,0.037,Timothy J.,Ryan,Tim Ryan
116,House,20738,24,4.0,OH,200,,,"JORDAN, Jim",J000289,1964,,0.717,-0.198,-94.01915,0.88859,796.0,40.0,,0.768,-0.193,Jim,Jordan,Jim Jordan
116,House,20755,24,5.0,OH,200,,,"LATTA, Robert E.",L000566,1956,,0.51,0.28,-64.35975,0.92362,810.0,18.0,,0.511,0.337,Robert E.,Latta,Bob Latta
116,House,20941,24,11.0,OH,100,,,"FUDGE, Marcia L.",F000455,1952,,-0.581,0.14,-40.29551,0.94728,744.0,14.0,,-0.552,0.306,Marcia L.,Fudge,Marcia Fudge
116,House,21162,24,6.0,OH,200,,,"JOHNSON, Bill",J000292,1954,,0.436,0.235,-76.92042,0.90789,796.0,33.0,,0.426,0.424,Bill,Johnson,Bill Johnson
116,House,21163,24,15.0,OH,200,,,"STIVERS, Steve",S001187,1965,,0.3,0.269,-127.19868,0.84645,763.0,56.0,,0.304,0.271,Steve,Stivers,Steve Stivers
116,House,21165,24,7.0,OH,200,,,"GIBBS, Bob",G000563,1954,,0.484,0.284,-92.65039,0.88827,782.0,34.0,,0.506,0.465,Bob,Gibbs,Bob Gibbs
116,House,21351,24,2.0,OH,200,,,"WENSTRUP, Brad",W000815,1958,,0.528,0.268,-91.4395,0.89044,788.0,35.0,,0.517,0.244,Brad,Wenstrup,Brad Wenstrup
116,House,21352,24,3.0,OH,100,,,"BEATTY, Joyce",B001281,1950,,-0.439,0.042,-15.22802,0.98054,775.0,4.0,,-0.474,-0.095,Joyce,Beatty,Joyce Beatty
116,House,21353,24,14.0,OH,200,,,"JOYCE, David",J000295,1957,,0.256,0.301,-110.58859,0.87044,797.0,39.0,,0.284,0.248,David,Joyce,Dave Joyce
116,House,21564,24,8.0,OH,200,,,"DAVIDSON, Warren",D000626,1970,,0.659,-0.355,-172.07532,0.80603,798.0,82.0,,0.676,-0.42,Warren,Davidson,Warren Davidson
116,House,21759,24,12.0,OH,200,,,"BALDERSON, Troy",B001306,1962,,0.455,0.214,-85.57546,0.89974,810.0,32.0,,0.418,0.477,Troy,Balderson,Troy Balderson
116,House,21924,24,16.0,OH,200,,,"GONZALEZ, Anthony",G000588,1984,,0.24,0.315,-118.1166,0.8629,801.0,41.0,,0.285,0.245,Anthony,Gonzalez,Anthony Gonzalez
116,House,29550,24,1.0,OH,200,,,"CHABOT, Steve",C000266,1953,,0.542,-0.137,-102.55393,0.88121,811.0,35.0,,0.493,0.232,Steve,Chabot,Steve Chabot
116,House,20344,53,4.0,OK,200,,,"COLE, Tom",C001053,1949,,0.324,0.4,-120.51819,0.86159,809.0,45.0,,0.302,0.407,Tom,Cole,Tom Cole
116,House,21355,53,2.0,OK,200,,,"MULLIN, Markwayne",M001190,1977,,0.538,0.218,-105.61625,0.85396,669.0,43.0,,0.553,0.078,Markwayne,Mullin,Markwayne Mullin
116,House,21760,53,1.0,OK,200,,,"HERN, Kevin",H001082,1961,,0.68,-0.078,-101.22878,0.8817,804.0,39.0,,0.687,0.078,Kevin,Hern,Kevin Hern
116,House,21933,53,5.0,OK,100,,,"HORN, Kendra",H001083,1976,,-0.169,0.519,-119.35155,0.86284,809.0,50.0,,-0.17,0.519,Kendra,Horn,Kendra Horn
116,House,29393,53,3.0,OK,200,,,"LUCAS, Frank D.",L000491,1960,,0.36,0.449,-64.20396,0.9193,763.0,25.0,,0.338,0.609,Frank D.,Lucas,Frank Lucas
116,House,15410,72,4.0,OR,100,,,"DeFAZIO, Peter Anthony",D000191,1947,,-0.427,-0.002,-60.42615,0.92509,776.0,19.0,,-0.316,-0.342,Peter Anthony,Defazio,Peter DeFazio
116,House,20944,72,5.0,OR,100,,,"SCHRADER, Kurt",S001180,1951,,-0.182,0.054,-120.11496,0.85944,793.0,52.0,,-0.139,0.103,Kurt,Schrader,Kurt Schrader
116,House,21198,72,1.0,OR,100,,,"BONAMICI, Suzanne",B001278,1954,,-0.396,-0.41,-18.07154,0.97794,810.0,6.0,,-0.448,-0.437,Suzanne,Bonamici,Suzanne Bonamici
116,House,29588,72,3.0,OR,100,,,"BLUMENAUER, Earl",B000574,1948,,-0.427,-0.641,-27.88551,0.96574,800.0,13.0,,-0.473,-0.831,Earl,Blumenauer,Earl Blumenauer
116,House,29932,72,2.0,OR,200,,,"WALDEN, Greg",W000791,1957,,0.333,-0.011,-131.97424,0.8481,801.0,54.0,,0.281,0.191,Greg,Walden,Greg Walden
116,House,20946,14,15.0,PA,200,,,"THOMPSON, Glenn",T000467,1959,,0.331,0.357,-90.8639,0.89135,790.0,35.0,,0.336,0.403,Glenn,Thompson,Glenn Thompson
116,House,21167,14,16.0,PA,200,,,"KELLY, Mike",K000376,1948,,0.373,0.41,-130.24681,0.84711,785.0,62.0,,0.457,0.159,Mike,Kelly,Mike Kelly
116,House,21170,14,12.0,PA,200,,,"MARINO, Thomas A.",M001179,1952,,0.352,0.477,-0.28897,0.98751,23.0,0.0,,0.0,0.0,Thomas A.,Marino,Tom Marino
116,House,21356,14,10.0,PA,200,,,"PERRY, Scott",P000605,1962,,0.677,-0.461,-171.7585,0.8046,790.0,96.0,,0.582,-0.304,Scott,Perry,Scott Perry
116,House,21358,14,8.0,PA,100,,,"CARTWRIGHT, Matt",C001090,1961,,-0.349,-0.005,-24.548,0.96906,781.0,6.0,,-0.305,-0.02,Matt,Cartwright,Matt Cartwright
116,House,21548,14,2.0,PA,100,,,"BOYLE, Brendan Francis",B001296,1977,,-0.391,0.139,-36.65824,0.95537,803.0,16.0,,-0.392,-0.186,Brendan Francis,Boyle,Brendan Boyle
116,House,21566,14,3.0,PA,100,,,"EVANS, Dwight",E000296,1954,,-0.47,-0.135,-12.47431,0.98445,796.0,1.0,,-0.502,-0.076,Dwight,Evans,Dwight Evans
116,House,21718,14,1.0,PA,200,,,"FITZPATRICK, Brian K.",F000466,1973,,0.142,-0.122,-173.12063,0.80585,802.0,68.0,,0.146,-0.124,Brian K.,Fitzpatrick,Brian Fitzpatrick
116,House,21745,14,11.0,PA,200,,,"SMUCKER, Lloyd K.",S001199,1964,,0.45,0.112,-78.74282,0.90195,763.0,28.0,,0.441,0.197,Lloyd K.,Smucker,Lloyd Smucker
116,House,21756,14,17.0,PA,100,,,"LAMB, Conor",L000588,1984,,-0.143,0.212,-119.40512,0.86231,806.0,61.0,,-0.14,0.297,Conor,Lamb,Conor Lamb
116,House,21762,14,5.0,PA,100,,,"SCANLON, Mary Gay",S001205,1959,,-0.475,-0.082,-16.28355,0.98005,808.0,4.0,,-0.534,0.121,Mary Gay,Scanlon,Mary Gay Scanlon
116,House,21763,14,7.0,PA,100,,,"WILD, Susan",W000826,1957,,-0.262,0.324,-69.06391,0.91769,804.0,30.0,,-0.365,0.641,Susan,Wild,Susan Wild
116,House,21915,14,4.0,PA,100,,,"DEAN, Madeleine",D000631,1959,,-0.453,-0.031,-13.37419,0.98358,808.0,5.0,,-0.514,0.075,Madeleine,Dean,Madeleine Dean
116,House,21934,14,6.0,PA,100,,,"HOULAHAN, Christina",H001085,1967,,-0.275,0.322,-47.21321,0.94331,809.0,20.0,,-0.312,0.549,Christina,Houlahan,Chrissy Houlahan
116,House,21936,14,13.0,PA,200,,,"JOYCE, John",J000302,1957,,0.569,0.0,-83.69478,0.89688,769.0,38.0,,0.535,0.174,John,Joyce,John Joyce
116,House,21945,14,9.0,PA,200,,,"MEUSER, Dan",M001204,1964,,0.494,0.248,-102.5641,0.87619,776.0,51.0,,0.559,0.414,Dan,Meuser,Dan Meuser
116,House,21956,14,14.0,PA,200,,,"RESCHENTHALER, Guy",R000610,1983,,0.437,0.063,-110.26686,0.86674,771.0,47.0,,0.358,0.386,Guy,Reschenthaler,Guy Reschenthaler
116,House,21985,14,12.0,PA,200,,,"KELLER, Fred",K000395,1965,,0.498,0.171,-75.07824,0.88348,606.0,31.0,,0.507,0.097,Fred,Keller,Fred Keller
116,House,29561,14,18.0,PA,100,,,"DOYLE, Michael F.",D000482,1953,,-0.331,0.099,-36.44292,0.95435,780.0,14.0,,-0.46,-0.347,Michael F.,Doyle,Mike Doyle
116,House,21992,92,0.0,PR,200,,,"GONZÁLEZ-CÓLON, Jenniffer",G000582,1976,,0.229,0.426,-62.65969,0.72637,196.0,24.0,,0.294,0.181,Jenniffer,González-cólon,Jenniffer González-Colón
116,House,20136,5,2.0,RI,100,,,"LANGEVIN, James",L000559,1964,,-0.375,0.114,-33.49212,0.95935,807.0,8.0,,-0.292,0.018,James,Langevin,Jim Langevin
116,House,21172,5,1.0,RI,100,,,"CICILLINE, David N.",C001084,1961,,-0.389,-0.262,-23.3429,0.97131,802.0,8.0,,-0.428,-0.136,David N.,Cicilline,David Cicilline
116,House,20138,48,2.0,SC,200,,,"WILSON, Addison Graves (Joe)",W000795,1947,,0.531,0.147,-113.02944,0.86445,776.0,52.0,,0.497,0.13,Addison Graves (Joe),Wilson,Joe Wilson
116,House,21174,48,3.0,SC,200,,,"DUNCAN, Jeff",D000615,1966,,0.701,-0.1,-105.90496,0.87394,786.0,41.0,,0.714,-0.132,Jeff,Duncan,Jeff Duncan
116,House,21359,48,7.0,SC,200,,,"RICE, Tom",R000597,1957,,0.558,-0.217,-177.68236,0.79904,792.0,84.0,,0.63,-0.319,Tom,Rice,Tom Rice
116,House,21753,48,5.0,SC,200,,,"NORMAN, Ralph",N000190,1953,,0.848,-0.367,-93.03412,0.8877,781.0,39.0,,0.822,-0.184,Ralph,Norman,Ralph Norman
116,House,21913,48,1.0,SC,100,,,"CUNNINGHAM, Joe",C001122,1982,,-0.131,0.49,-142.08536,0.83727,800.0,53.0,,-0.131,0.49,Joe,Cunningham,Joe Cunningham
116,House,21974,48,4.0,SC,200,,,"TIMMONS, William",T000480,1984,,0.604,0.139,-83.61241,0.88556,688.0,31.0,,0.599,0.145,William,Timmons,William Timmons
116,House,39301,48,6.0,SC,100,,,"CLYBURN, James Enos",C000537,1940,,-0.465,0.25,-26.61204,0.9642,730.0,9.0,,-0.386,0.083,James Enos,Clyburn,Jim Clyburn
116,House,21935,37,1.0,SD,200,,,"JOHNSON, Dustin",J000301,1976,,0.462,0.142,-108.06912,0.8751,810.0,36.0,,0.474,0.111,Dustin,Johnson,Dusty Johnson
116,House,15019,54,5.0,TN,100,,,"COOPER, James Hayes Shofner",C000754,1954,,-0.164,-0.033,-91.72252,0.89155,799.0,23.0,,-0.264,0.252,James Hayes Shofner,Cooper,Jim Cooper
116,House,20748,54,9.0,TN,100,,,"COHEN, Stephen",C001068,1949,,-0.392,-0.326,-26.18576,0.9676,795.0,11.0,,-0.406,-0.253,Stephen,Cohen,Steve Cohen
116,House,20947,54,1.0,TN,200,,,"ROE, David P. (Phil)",R000582,1945,,0.486,0.024,-95.09914,0.88577,784.0,39.0,,0.459,0.127,David P. (Phil),Roe,Phil Roe
116,House,21178,54,3.0,TN,200,,,"FLEISCHMANN, Chuck",F000459,1962,,0.434,0.406,-93.15698,0.89148,811.0,42.0,,0.411,0.42,Chuck,Fleischmann,Chuck Fleischmann
116,House,21179,54,4.0,TN,200,,,"DESJARLAIS, Scott",D000616,1964,,0.581,-0.046,-97.96265,0.8814,776.0,45.0,,0.562,0.005,Scott,Desjarlais,Scott DesJarlais
116,House,21731,54,8.0,TN,200,,,"KUSTOFF, David",K000392,1966,,0.535,0.372,-67.20482,0.91845,790.0,27.0,,0.512,0.627,David,Kustoff,David Kustoff
116,House,21905,54,2.0,TN,200,,,"BURCHETT, Timothy",B001309,1964,,0.664,-0.383,-143.50369,0.8356,799.0,53.0,,0.678,-0.311,Timothy,Burchett,Tim Burchett
116,House,21926,54,7.0,TN,200,,,"GREEN, Mark",G000590,1964,,0.671,0.015,-84.68533,0.88726,708.0,38.0,,0.704,0.041,Mark,Green,Mark Green
116,House,21959,54,6.0,TN,200,,,"ROSE, John",R000612,1965,,0.668,0.105,-111.56736,0.86798,788.0,48.0,,0.673,0.048,John,Rose,John Rose
116,House,20355,49,26.0,TX,200,,,"BURGESS, Michael C.",B001248,1950,,0.567,-0.185,-154.39705,0.82247,790.0,73.0,,0.611,-0.111,Michael C.,Burgess,Michael Burgess
116,House,20356,49,31.0,TX,200,,,"CARTER, John R.",C001051,1941,,0.485,0.565,-133.15403,0.83243,726.0,59.0,,0.514,0.649,John R.,Carter,John Carter
116,House,20527,49,1.0,TX,200,,,"GOHMERT, Louie",G000552,1953,,0.644,-0.406,-132.81057,0.8349,736.0,61.0,,0.709,-0.435,Louie,Gohmert,Louie Gohmert
116,House,20529,49,9.0,TX,100,,,"GREEN, Al",G000553,1947,,-0.443,0.29,-29.52978,0.96407,807.0,16.0,,-0.42,-0.053,Al,Green,Al Green
116,House,20530,49,10.0,TX,200,,,"McCAUL, Michael T.",M001157,1962,,0.416,0.144,-147.16485,0.83235,802.0,61.0,,0.323,0.263,Michael T.,Mccaul,Michael McCaul
116,House,20531,49,11.0,TX,200,,,"CONAWAY, K. Michael",C001062,1948,,0.593,0.367,-81.86616,0.90319,804.0,36.0,,0.612,0.494,K. Michael,Conaway,Mike Conaway
116,House,20532,49,24.0,TX,200,,,"MARCHANT, Kenny",M001158,1951,,0.6,0.154,-117.73578,0.83197,640.0,45.0,,0.593,0.028,Kenny,Marchant,Kenny Marchant
116,House,20533,49,28.0,TX,100,,,"CUELLAR, Henry",C001063,1955,,-0.227,0.622,-142.04998,0.83878,808.0,67.0,,-0.359,0.9,Henry,Cuellar,Henry Cuellar
116,House,20948,49,22.0,TX,200,,,"OLSON, Pete",O000168,1962,,0.548,0.308,-97.94453,0.88099,773.0,41.0,,0.587,0.301,Pete,Olson,Pete Olson
116,House,21182,49,17.0,TX,200,,,"FLORES, Bill",F000461,1954,,0.572,0.293,-108.65018,0.87044,783.0,40.0,,0.519,0.198,Bill,Flores,Bill Flores
116,House,21360,49,14.0,TX,200,,,"WEBER, Randy",W000814,1953,,0.73,0.017,-103.82476,0.87386,770.0,45.0,,0.728,-0.032,Randy,Weber,Randy Weber
116,House,21362,49,20.0,TX,100,,,"CASTRO, Joaquin",C001091,1974,,-0.404,-0.071,-32.71414,0.95903,782.0,13.0,,-0.618,-0.155,Joaquin,Castro,Joaquin Castro
116,House,21364,49,25.0,TX,200,,,"WILLIAMS, Roger",W000816,1949,,0.595,0.063,-108.55094,0.87162,790.0,45.0,,0.565,0.095,Roger,Williams,Roger Williams
116,House,21365,49,33.0,TX,100,,,"VEASEY, Marc",V000131,1971,,-0.404,0.34,-32.42389,0.96038,802.0,10.0,,-0.339,0.09,Marc,Veasey,Marc Veasey
116,House,21366,49,34.0,TX,100,,,"VELA, Filemon",V000132,1963,,-0.311,0.407,-92.02718,0.89185,804.0,36.0,,-0.447,0.492,Filemon,Vela,Filemon Vela Jr.
116,House,21549,49,4.0,TX,200,,,"RATCLIFFE, John",R000601,1965,,0.693,0.113,-74.52081,0.88536,612.0,34.0,,0.654,0.116,John,Ratcliffe,John Ratcliffe
116,House,21550,49,23.0,TX,200,,,"HURD, William Ballard",H001073,1977,,0.287,0.228,-175.54897,0.80231,797.0,77.0,,0.219,0.277,William Ballard,Hurd,Will Hurd
116,House,21551,49,36.0,TX,200,,,"BABIN, Brian",B001291,1948,,0.711,0.074,-111.42858,0.86576,773.0,48.0,,0.708,0.03,Brian,Babin,Brian Babin
116,House,21700,49,19.0,TX,200,,,"ARRINGTON, Jodey Cook",A000375,1972,,0.642,0.003,-127.20179,0.8518,793.0,66.0,,0.655,-0.097,Jodey Cook,Arrington,Jodey Arrington
116,House,21722,49,15.0,TX,100,,,"GONZALEZ, Vicente Jr.",G000581,1967,,-0.388,0.755,-83.52,0.89771,774.0,34.0,,-0.533,0.846,Vicente Jr.,Gonzalez,Vicente Gonzalez
116,House,21758,49,27.0,TX,200,,,"CLOUD, Michael",C001115,1975,,0.684,-0.329,-144.07444,0.83538,801.0,69.0,,0.656,-0.272,Michael,Cloud,Michael Cloud
116,House,21900,49,32.0,TX,100,,,"ALLRED, Colin",A000376,1983,,-0.43,0.708,-41.78713,0.94867,793.0,20.0,,-0.448,0.613,Colin,Allred,Colin Allred
116,House,21911,49,2.0,TX,200,,,"CRENSHAW, Daniel",C001120,1984,,0.431,0.268,-89.42384,0.89412,799.0,45.0,,0.397,0.364,Daniel,Crenshaw,Dan Crenshaw
116,House,21917,49,16.0,TX,100,,,"ESCOBAR, Veronica",E000299,1969,,-0.466,-0.316,-26.81227,0.96712,802.0,9.0,,-0.387,-0.226,Veronica,Escobar,Veronica Escobar
116,House,21919,49,7.0,TX,100,,,"FLETCHER, Elizabeth",F000468,1975,,-0.454,0.891,-72.12583,0.9146,808.0,35.0,,-0.445,0.84,Elizabeth,Fletcher,Lizzie Fletcher
116,House,21922,49,29.0,TX,100,,,"GARCIA, Sylvia",G000587,1950,,-0.797,0.454,-48.17413,0.94233,811.0,14.0,,-0.726,0.555,Sylvia,Garcia,Sylvia Garcia
116,House,21925,49,5.0,TX,200,,,"GOODEN, Lance",G000589,1982,,0.746,-0.066,-90.41348,0.89237,794.0,36.0,,0.724,0.007,Lance,Gooden,Lance Gooden
116,House,21961,49,21.0,TX,200,,,"ROY, Charles",R000614,1972,,0.8,-0.6,-139.01887,0.8392,793.0,54.0,,0.919,-0.395,Charles,Roy,Chip Roy
116,House,21973,49,3.0,TX,200,,,"TAYLOR, Nicholas",T000479,1972,,0.581,-0.223,-148.7408,0.83168,807.0,68.0,,0.551,-0.114,Nicholas,Taylor,Van Taylor
116,House,21984,49,6.0,TX,200,,,"WRIGHT, Ron",W000827,1953,2021.0,0.711,-0.09,-67.09875,0.89632,613.0,24.0,,0.709,-0.095,Ron,Wright,Ron Wright
116,House,29571,49,35.0,TX,100,,,"DOGGETT, Lloyd Alton, II",D000399,1946,,-0.402,-0.322,-40.67586,0.94944,784.0,12.0,,-0.41,-0.443,Lloyd Alton,Doggett,Lloyd Doggett
116,House,29572,49,13.0,TX,200,,,"THORNBERRY, William McClellan (Mac)",T000238,1958,,0.525,0.313,-106.92728,0.87159,778.0,48.0,,0.502,0.319,William McClellan (Mac),Thornberry,Mac Thornberry
116,House,29573,49,18.0,TX,100,,,"JACKSON LEE, Sheila",J000032,1950,,-0.46,0.125,-21.55381,0.97332,797.0,10.0,,-0.558,-0.065,Sheila,Jackson lee,Sheila Jackson Lee
116,House,29760,49,8.0,TX,200,,,"BRADY, Kevin Patrick",B000755,1955,,0.52,0.239,-112.93704,0.86325,768.0,48.0,,0.579,0.307,Kevin Patrick,Brady,Kevin Brady
116,House,29762,49,12.0,TX,200,,,"GRANGER, Kay",G000377,1943,,0.404,0.235,-108.23427,0.86167,727.0,51.0,,0.421,0.396,Kay,Granger,Kay Granger
116,House,39305,49,30.0,TX,100,,,"JOHNSON, Eddie Bernice",J000126,1935,,-0.485,0.198,-22.5185,0.97193,791.0,9.0,,-0.405,0.011,Eddie Bernice,Johnson,Eddie Bernice Johnson
116,House,20357,67,1.0,UT,200,,,"BISHOP, Robert (Rob)",B001250,1951,,0.537,0.105,-137.88969,0.83287,754.0,63.0,,0.573,0.028,Robert (Rob),Bishop,Rob Bishop
116,House,21367,67,2.0,UT,200,,,"STEWART, Chris",S001192,1960,,0.499,0.167,-93.52269,0.88822,789.0,41.0,,0.535,0.266,Chris,Stewart,Chris Stewart
116,House,21755,67,3.0,UT,200,,,"CURTIS, John R.",C001114,1960,,0.448,0.156,-117.72534,0.85491,751.0,50.0,,0.54,0.052,John R.,Curtis,John Curtis
116,House,21943,67,4.0,UT,100,,,"McADAMS, Ben",M001209,1974,,-0.069,0.294,-222.21133,0.75982,809.0,87.0,,-0.069,0.294,Ben,Mcadams,Ben McAdams
116,House,20750,6,1.0,VT,100,,,"WELCH, Peter",W000800,1947,,-0.41,-0.377,-22.92111,0.9713,787.0,9.0,,-0.53,-0.324,Peter,Welch,Peter Welch
116,House,21994,96,1.0,VI,100,,,"PLASKETT, Stacey E.",P000610,1966,,-0.408,0.474,-11.47326,0.93825,180.0,5.0,,-0.327,0.219,Stacey E.,Plaskett,Stacey Plaskett
116,House,20756,40,1.0,VA,200,,,"WITTMAN, Robert J.",W000804,1959,,0.451,0.001,-130.47724,0.85037,805.0,55.0,,0.528,0.142,Robert J.,Wittman,Rob Wittman
116,House,20952,40,11.0,VA,100,,,"CONNOLLY, Gerald E. (Gerry)",C001078,1950,,-0.307,-0.038,-51.74929,0.93766,804.0,25.0,,-0.246,-0.077,Gerald E. (Gerry),Connolly,Gerry Connolly
116,House,21191,40,9.0,VA,200,,,"GRIFFITH, H. Morgan",G000568,1958,,0.52,-0.365,-183.10152,0.79077,780.0,79.0,,0.563,-0.363,H. Morgan,Griffith,Morgan Griffith
116,House,21554,40,8.0,VA,100,,,"BEYER, Donald Sternoff Jr.",B001292,1950,,-0.385,-0.095,-18.43716,0.97702,793.0,6.0,,-0.345,-0.198,Donald Sternoff Jr.,Beyer,Don Beyer
116,House,21736,40,4.0,VA,100,,,"MCEACHIN, Aston Donald",M001200,1961,2022.0,-0.381,-0.017,-38.3904,0.94487,677.0,15.0,,-0.301,-0.033,Aston Donald,Mceachin,Donald McEachin
116,House,21908,40,6.0,VA,200,,,"CLINE, Benjamin",C001118,1972,,0.72,-0.202,-124.58126,0.8576,811.0,53.0,,0.703,-0.184,Benjamin,Cline,Ben Cline
116,House,21941,40,2.0,VA,100,,,"LURIA, Elaine",L000591,1975,,-0.206,0.426,-111.21009,0.87052,802.0,54.0,,-0.177,0.381,Elaine,Luria,Elaine Luria
116,House,21957,40,5.0,VA,200,,,"RIGGLEMAN, Denver",R000611,1970,,0.476,-0.018,-124.62104,0.84949,764.0,40.0,,0.478,-0.026,Denver,Riggleman,Denver Riggleman
116,House,21966,40,7.0,VA,100,,,"SPANBERGER, Abigail",S001209,1979,,-0.188,0.338,-115.01338,0.86748,809.0,50.0,,-0.165,0.429,Abigail,Spanberger,Abigail Spanberger
116,House,21983,40,10.0,VA,100,,,"WEXTON, Jennifer",W000825,1968,,-0.369,0.313,-29.76446,0.96388,809.0,17.0,,-0.413,0.493,Jennifer,Wexton,Jennifer Wexton
116,House,39307,40,3.0,VA,100,,,"SCOTT, Robert C.",S000185,1947,,-0.45,0.012,-38.99391,0.953,810.0,14.0,,-0.38,0.125,Robert C.,Scott,Bobby Scott
116,House,20145,73,2.0,WA,100,,,"LARSEN, Richard Ray (Rick)",L000560,1965,,-0.365,0.178,-39.12233,0.95262,806.0,10.0,,-0.374,0.122,Richard Ray (Rick),Larsen,Rick Larsen
116,House,20535,73,5.0,WA,200,,,"McMORRIS RODGERS, Cathy",M001159,1969,,0.432,0.11,-124.73928,0.85359,788.0,56.0,,0.409,-0.016,Cathy,Mcmorris rodgers,Cathy McMorris Rodgers
116,House,21187,73,3.0,WA,200,,,"HERRERA BEUTLER, Jaime",H001056,1978,,0.336,-0.129,-131.37222,0.81417,639.0,63.0,,0.285,-0.059,Jaime,Herrera beutler,Jaime Herrera Beutler
116,House,21368,73,6.0,WA,100,,,"KILMER, Derek",K000381,1974,,-0.312,-0.009,-31.68964,0.96159,809.0,16.0,,-0.415,0.37,Derek,Kilmer,Derek Kilmer
116,House,21369,73,10.0,WA,100,,,"HECK, Denny",H001064,1952,,-0.312,-0.128,-19.30426,0.9761,798.0,6.0,,-0.312,-0.199,Denny,Heck,Denny Heck
116,House,21556,73,4.0,WA,200,,,"NEWHOUSE, Daniel Milton",N000189,1955,,0.316,0.347,-101.4844,0.87916,788.0,43.0,,0.331,0.282,Daniel Milton,Newhouse,Dan Newhouse
116,House,21726,73,7.0,WA,100,,,"JAYAPAL, Pramila",J000298,1965,,-0.646,-0.466,-38.33203,0.95344,804.0,13.0,,-0.504,-0.824,Pramila,Jayapal,Pramila Jayapal
116,House,21962,73,8.0,WA,100,,,"SCHRIER, Kim",S001216,1968,,-0.288,0.449,-40.95573,0.95063,809.0,15.0,,-0.348,0.448,Kim,Schrier,Kim Schrier
116,House,29768,73,9.0,WA,100,,,"SMITH, Adam",S000510,1965,,-0.288,-0.165,-17.78136,0.97791,796.0,7.0,,-0.359,-0.216,Adam,Smith,Adam Smith
116,House,31101,73,1.0,WA,100,,,"DelBENE, Suzan K.",D000617,1962,,-0.292,-0.19,-19.37145,0.97631,808.0,2.0,,-0.353,-0.178,Suzan K.,Delbene,Suzan DelBene
116,House,21188,56,1.0,WV,200,,,"McKINLEY, David",M001180,1947,,0.3,0.178,-138.81922,0.84268,811.0,57.0,,0.321,0.322,David,Mckinley,David McKinley
116,House,21557,56,2.0,WV,200,,,"MOONEY, Alex X.",M001195,1971,,0.564,-0.222,-165.3477,0.81474,807.0,66.0,,0.581,-0.283,Alex X.,Mooney,Alex Mooney
116,House,21946,56,3.0,WV,200,,,"MILLER, Carol",M001205,1950,,0.517,0.108,-89.91537,0.89369,800.0,36.0,,0.469,0.299,Carol,Miller,Carol Miller
116,House,14657,25,5.0,WI,200,,,"SENSENBRENNER, Frank James, Jr.",S000244,1943,,0.638,-0.579,-165.27996,0.78478,682.0,83.0,,0.573,-0.267,Frank James,Sensenbrenner,Jim Sensenbrenner
116,House,20537,25,4.0,WI,100,,,"MOORE, Gwendolynne S. (Gwen)",M001160,1951,,-0.526,-0.258,-32.80298,0.95978,799.0,15.0,,-0.433,-0.4,Gwendolynne S. (Gwen),Moore,Gwen Moore
116,House,21189,25,7.0,WI,200,,,"DUFFY, Sean",D000614,1971,,0.511,-0.109,-100.93909,0.79459,439.0,46.0,,0.515,0.012,Sean,Duffy,Sean Duffy
116,House,21370,25,2.0,WI,100,,,"POCAN, Mark",P000607,1964,,-0.531,-0.561,-32.65936,0.9599,798.0,12.0,,-0.472,-0.882,Mark,Pocan,Mark Pocan
116,House,21559,25,6.0,WI,200,,,"GROTHMAN, Glenn",G000576,1955,,0.599,-0.225,-162.12146,0.81341,785.0,79.0,,0.606,-0.3,Glenn,Grothman,Glenn Grothman
116,House,21720,25,8.0,WI,200,,,"GALLAGHER, Michael",G000579,1984,,0.438,0.004,-165.52238,0.80858,779.0,73.0,,0.411,-0.078,Michael,Gallagher,Mike Gallagher
116,House,21970,25,1.0,WI,200,,,"STEIL, Bryan",S001213,1981,,0.414,0.068,-139.17779,0.8405,801.0,63.0,,0.421,-0.061,Bryan,Steil,Bryan Steil
116,House,21989,25,7.0,WI,200,,,"TIFFANY, Thomas P.",T000165,1957,,0.643,-0.232,-17.99515,0.85278,113.0,8.0,,0.59,-0.238,Thomas P.,Tiffany,Tom Tiffany
116,House,29769,25,3.0,WI,100,,,"KIND, Ron",K000188,1963,,-0.26,-0.08,-67.15408,0.91781,783.0,24.0,,-0.261,0.178,Ron,Kind,Ron Kind
116,House,21710,68,1.0,WY,200,,,"CHENEY, Liz",C001109,1966,,0.405,0.82,-138.67371,0.83577,773.0,58.0,,0.519,0.467,Liz,Cheney,Liz Cheney
116,Senate,41705,41,0.0,AL,100,,,"JONES, Gordon Douglas (Doug)",J000300,1954,,-0.088,0.187,-80.32594,0.88065,632.0,33.0,,-0.081,0.234,Gordon Douglas (Doug),Jones,Doug Jones
116,Senate,94659,41,0.0,AL,200,,,"SHELBY, Richard C.",S000320,1934,,0.446,0.57,-45.74049,0.93334,663.0,27.0,,0.437,0.219,Richard C.,Shelby,Richard Shelby
116,Senate,40300,81,0.0,AK,200,,,"MURKOWSKI, Lisa",M001153,1957,,0.21,-0.316,-47.85393,0.92606,623.0,12.0,,0.283,-0.424,Lisa,Murkowski,Lisa Murkowski
116,Senate,41500,81,0.0,AK,200,,,"SULLIVAN, Daniel Scott",S001198,1964,,0.484,0.107,-53.84036,0.92039,649.0,23.0,,0.51,-0.04,Daniel Scott,Sullivan,Dan Sullivan
116,Senate,21300,61,0.0,AZ,100,,,"SINEMA, Kyrsten",S001191,1976,,-0.105,0.076,-86.25793,0.86773,608.0,27.0,,-0.065,0.217,Kyrsten,Sinema,Kyrsten Sinema
116,Senate,21501,61,0.0,AZ,200,,,"McSALLY, Martha",M001197,1966,,0.345,0.027,-35.62669,0.94281,605.0,13.0,,0.338,0.209,Martha,Mcsally,Martha McSally
116,Senate,41905,61,0.0,AZ,100,,,"KELLY, Mark Edward",K000377,1964,,-0.212,0.263,-14.29129,0.72267,44.0,5.0,,-0.064,0.499,Mark Edward,Kelly,Mark Kelly
116,Senate,20101,42,0.0,AR,200,,,"BOOZMAN, John",B001236,1950,,0.426,0.335,-31.13912,0.95445,668.0,16.0,,0.354,0.245,John,Boozman,John Boozman
116,Senate,21301,42,0.0,AR,200,,,"COTTON, Tom",C001095,1977,,0.593,0.149,-77.70772,0.88924,662.0,33.0,,0.471,-0.083,Tom,Cotton,Tom Cotton
116,Senate,41701,71,0.0,CA,100,,,"HARRIS, Kamala Devi",H001075,1964,,-0.709,-0.105,-29.10452,0.90983,308.0,12.0,,-0.729,-0.137,Kamala Devi,Harris,Kamala Harris
116,Senate,49300,71,0.0,CA,100,,,"FEINSTEIN, Dianne",F000062,1933,2023.0,-0.268,-0.184,-78.11306,0.88838,660.0,24.0,,-0.263,-0.057,Dianne,Feinstein,Dianne Feinstein
116,Senate,21112,62,0.0,CO,200,,,"GARDNER, Cory",G000562,1974,,0.444,-0.029,-48.59692,0.92807,651.0,21.0,,0.355,-0.009,Cory,Gardner,Cory Gardner
116,Senate,40910,62,0.0,CO,100,,,"BENNET, Michael F.",B001267,1964,,-0.231,-0.163,-109.01423,0.82108,553.0,49.0,,-0.3,-0.144,Michael F.,Bennet,Michael Bennet
116,Senate,20707,1,0.0,CT,100,,,"MURPHY, Christopher",M001169,1973,,-0.272,-0.206,-159.01395,0.78704,664.0,70.0,,-0.165,-0.323,Christopher,Murphy,Chris Murphy
116,Senate,41101,1,0.0,CT,100,,,"BLUMENTHAL, Richard",B001277,1946,,-0.436,-0.163,-109.62472,0.84739,662.0,46.0,,-0.456,-0.173,Richard,Blumenthal,Richard Blumenthal
116,Senate,15015,11,0.0,DE,100,,,"CARPER, Thomas Richard",C000174,1947,,-0.179,-0.226,-105.52885,0.85306,664.0,29.0,,-0.19,-0.211,Thomas Richard,Carper,Tom Carper
116,Senate,40916,11,0.0,DE,100,,,"COONS, Christopher A.",C001088,1963,,-0.232,-0.211,-76.3664,0.88834,645.0,28.0,,-0.21,-0.237,Christopher A.,Coons,Chris Coons
116,Senate,41102,43,0.0,FL,200,,,"RUBIO, Marco",R000595,1971,,0.611,-0.168,-51.63706,0.92202,636.0,26.0,,0.517,-0.102,Marco,Rubio,Marco Rubio
116,Senate,41903,43,0.0,FL,200,,,"SCOTT, Richard Lynn (Rick)",S001217,1952,,0.684,0.171,-74.19115,0.89086,642.0,33.0,,0.547,0.065,Richard Lynn (Rick),Scott,Rick Scott
116,Senate,29909,44,0.0,GA,200,,,"ISAKSON, Johnny",I000055,1944,2021.0,0.402,-0.011,-10.54373,0.96184,271.0,2.0,,0.336,0.153,Johnny,Isakson,Johnny Isakson
116,Senate,41501,44,0.0,GA,200,,,"PERDUE, David Alfred, Jr.",P000612,1949,,0.562,-0.075,-38.26812,0.93689,587.0,19.0,,0.474,0.156,David Alfred,Perdue,David Perdue
116,Senate,41904,44,0.0,GA,200,,,"LOEFFLER, Kelly",L000594,1970,,0.555,-0.203,-18.40266,0.9218,226.0,7.0,,0.556,-0.201,Kelly,Loeffler,Kelly Loeffler
116,Senate,20713,82,0.0,HI,100,,,"HIRONO, Mazie",H001042,1947,,-0.513,-0.083,-88.38165,0.87287,650.0,44.0,,-0.575,-0.002,Mazie,Hirono,Mazie Hirono
116,Senate,41112,82,0.0,HI,100,,,"SCHATZ, Brian Emanuel",S001194,1972,,-0.443,-0.103,-98.46347,0.85615,634.0,42.0,,-0.466,-0.111,Brian Emanuel,Schatz,Brian Schatz
116,Senate,29345,63,0.0,ID,200,,,"CRAPO, Michael Dean",C000880,1951,,0.504,0.294,-33.17385,0.95127,664.0,16.0,,0.492,0.65,Michael Dean,Crapo,Mike Crapo
116,Senate,40902,63,0.0,ID,200,,,"RISCH, James",R000584,1943,,0.552,0.402,-27.76871,0.95818,650.0,11.0,,0.573,0.636,James,Risch,Jim Risch
116,Senate,15021,21,0.0,IL,100,,,"DURBIN, Richard Joseph",D000563,1944,,-0.348,-0.304,-134.62351,0.81472,657.0,71.0,,-0.287,-0.12,Richard Joseph,Durbin,Dick Durbin
116,Senate,21325,21,0.0,IL,100,,,"DUCKWORTH, Tammy",D000622,1968,,-0.336,0.091,-96.36152,0.86143,646.0,37.0,,-0.376,0.208,Tammy,Duckworth,Tammy Duckworth
116,Senate,21133,22,0.0,IN,200,,,"YOUNG, Todd",Y000064,1972,,0.445,-0.047,-67.41229,0.9022,655.0,31.0,,0.46,-0.329,Todd,Young,Todd Young
116,Senate,41900,22,0.0,IN,200,,,"BRAUN, Michael",B001310,1954,,0.8,0.6,-61.55663,0.91133,663.0,29.0,,0.837,0.335,Michael,Braun,Mike Braun
116,Senate,14226,31,0.0,IA,200,,,"GRASSLEY, Charles Ernest",G000386,1933,,0.358,-0.041,-58.62963,0.91475,658.0,21.0,,0.491,0.026,Charles Ernest,Grassley,Chuck Grassley
116,Senate,41502,31,0.0,IA,200,,,"ERNST, Joni",E000295,1970,,0.531,-0.021,-57.80666,0.91565,656.0,23.0,,0.544,-0.139,Joni,Ernst,Joni Ernst
116,Senate,14852,32,0.0,KS,200,,,"ROBERTS, Charles Patrick (Pat)",R000307,1936,,0.413,-0.09,-23.41567,0.96396,638.0,2.0,,0.339,0.203,Charles Patrick (Pat),Roberts,Pat Roberts
116,Senate,29722,32,0.0,KS,200,,,"MORAN, Jerry",M000934,1954,,0.416,0.212,-85.51152,0.86779,603.0,35.0,,0.452,-0.276,Jerry,Moran,Jerry Moran
116,Senate,14921,51,0.0,KY,200,,,"McCONNELL, Addison Mitchell (Mitch)",M000355,1942,,0.404,0.02,-63.71061,0.90903,668.0,16.0,,0.297,0.201,Addison Mitchell (Mitch),Mcconnell,Mitch McConnell
116,Senate,41104,51,0.0,KY,200,,,"PAUL, Rand",P000603,1963,,0.891,-0.454,-175.88873,0.74844,607.0,91.0,,0.879,-0.477,Rand,Paul,Rand Paul
116,Senate,20919,45,0.0,LA,200,,,"CASSIDY, Bill",C001075,1957,,0.467,-0.065,-48.39971,0.92594,629.0,24.0,,0.504,-0.06,Bill,Cassidy,Bill Cassidy
116,Senate,41703,45,0.0,LA,200,,,"KENNEDY, John Neely",K000393,1951,,0.549,-0.108,-82.66626,0.88143,655.0,44.0,,0.681,-0.043,John Neely,Kennedy,John Kennedy
116,Senate,41300,2,0.0,ME,328,,,"KING, Angus Stanley, Jr.",K000383,1944,,-0.162,-0.2,-83.63099,0.88232,668.0,33.0,,-0.167,-0.201,Angus Stanley,King,Angus King
116,Senate,49703,2,0.0,ME,200,,,"COLLINS, Susan Margaret",C001035,1952,,0.118,-0.53,-59.72462,0.91447,668.0,17.0,,0.139,-0.404,Susan Margaret,Collins,Susan Collins
116,Senate,15408,52,0.0,MD,100,,,"CARDIN, Benjamin Louis",C000141,1943,,-0.32,-0.227,-109.18145,0.84646,655.0,38.0,,-0.277,-0.113,Benjamin Louis,Cardin,Ben Cardin
116,Senate,20330,52,0.0,MD,100,,,"VAN HOLLEN, Christopher",V000128,1959,,-0.392,-0.208,-104.86962,0.85451,667.0,39.0,,-0.38,-0.333,Christopher,Van hollen,Chris Van Hollen
116,Senate,14435,3,0.0,MA,100,,,"MARKEY, Edward John",M000133,1946,,-0.515,-0.465,-67.07687,0.89373,597.0,22.0,,-0.625,-0.759,Edward John,Markey,Ed Markey
116,Senate,41301,3,0.0,MA,100,,,"WARREN, Elizabeth",W000817,1949,,-0.749,-0.342,-14.42618,0.96608,418.0,3.0,,-0.792,-0.434,Elizabeth,Warren,Elizabeth Warren
116,Senate,20923,23,0.0,MI,100,,,"PETERS, Gary C.",P000595,1958,,-0.246,-0.184,-106.00573,0.85306,667.0,46.0,,-0.296,-0.027,Gary C.,Peters,Gary Peters
116,Senate,29732,23,0.0,MI,100,,,"STABENOW, Deborah Ann",S000770,1950,,-0.343,-0.017,-115.19916,0.83456,637.0,58.0,,-0.397,-0.108,Deborah Ann,Stabenow,Debbie Stabenow
116,Senate,40700,33,0.0,MN,100,,,"KLOBUCHAR, Amy",K000367,1960,,-0.283,-0.357,-141.65746,0.74716,486.0,74.0,,-0.476,-0.367,Amy,Klobuchar,Amy Klobuchar
116,Senate,41706,33,0.0,MN,100,,,"SMITH, Tina",S001203,1958,,-0.396,-0.073,-81.55957,0.88409,662.0,36.0,,-0.413,-0.032,Tina,Smith,Tina Smith
116,Senate,29534,46,0.0,MS,200,,,"WICKER, Roger F.",W000437,1951,,0.376,0.346,-28.0245,0.95885,667.0,8.0,,0.364,0.196,Roger F.,Wicker,Roger Wicker
116,Senate,41707,46,0.0,MS,200,,,"HYDE-SMITH, Cindy",H001079,1959,,0.451,0.339,-25.45746,0.96194,656.0,10.0,,0.363,0.38,Cindy,Hyde-smith,Cindy Hyde-Smith
116,Senate,29735,34,0.0,MO,200,,,"BLUNT, Roy",B000575,1950,,0.398,0.18,-26.60674,0.96013,654.0,6.0,,0.341,0.156,Roy,Blunt,Roy Blunt
116,Senate,41901,34,0.0,MO,200,,,"HAWLEY, Joshua David",H001089,1979,,0.781,-0.223,-101.56034,0.85817,664.0,37.0,,0.618,-0.383,Joshua David,Hawley,Josh Hawley
116,Senate,21338,64,0.0,MT,200,,,"DAINES, Steve",D000618,1962,,0.588,-0.031,-65.45041,0.90518,657.0,27.0,,0.58,-0.214,Steve,Daines,Steve Daines
116,Senate,40702,64,0.0,MT,100,,,"TESTER, Jon",T000464,1956,,-0.214,0.169,-88.21265,0.87236,646.0,34.0,,-0.237,0.158,Jon,Tester,Jon Tester
116,Senate,41302,35,0.0,NE,200,,,"FISCHER, Debra (Deb)",F000463,1951,,0.465,0.306,-25.37092,0.96131,643.0,8.0,,0.48,0.486,Debra (Deb),Fischer,Deb Fischer
116,Senate,41503,35,0.0,NE,200,,,"SASSE, Benjamin Eric",S001197,1972,,0.669,-0.25,-41.30191,0.93788,644.0,15.0,,0.717,-0.012,Benjamin Eric,Sasse,Ben Sasse
116,Senate,21743,65,0.0,NV,100,,,"ROSEN, Jacklyn Sheryl",R000608,1957,,-0.288,0.321,-66.91322,0.90414,664.0,22.0,,-0.321,0.339,Jacklyn Sheryl,Rosen,Jacky Rosen
116,Senate,41700,65,0.0,NV,100,,,"CORTEZ MASTO, Catherine Marie",C001113,1964,,-0.36,0.321,-63.12855,0.90931,664.0,24.0,,-0.354,0.337,Catherine Marie,Cortez masto,Catherine Cortez Masto
116,Senate,40906,4,0.0,NH,100,,,"SHAHEEN, Jeanne",S001181,1947,,-0.238,-0.135,-83.18138,0.88175,661.0,35.0,,-0.216,-0.036,Jeanne,Shaheen,Jeanne Shaheen
116,Senate,41702,4,0.0,NH,100,,,"HASSAN, Margaret (Maggie)",H001076,1958,,-0.234,0.022,-77.34423,0.89067,668.0,29.0,,-0.214,0.006,Margaret (Maggie),Hassan,Maggie Hassan
116,Senate,29373,12,0.0,NJ,100,,,"MENENDEZ, Robert",M000639,1954,,-0.366,-0.12,-122.84194,0.8311,664.0,52.0,,-0.382,-0.125,Robert,Menendez,Bob Menendez
116,Senate,41308,12,0.0,NJ,100,,,"BOOKER, Cory Anthony",B001288,1969,,-0.58,-0.278,-52.1121,0.87982,407.0,26.0,,-0.551,-0.382,Cory Anthony,Booker,Cory Booker
116,Senate,20930,66,0.0,NM,100,,,"HEINRICH, Martin",H001046,1971,,-0.33,-0.028,-119.58546,0.83029,643.0,54.0,,-0.393,-0.015,Martin,Heinrich,Martin Heinrich
116,Senate,29924,66,0.0,NM,100,,,"UDALL, Thomas (Tom)",U000039,1948,,-0.453,0.161,-82.54995,0.88176,656.0,36.0,,-0.435,0.04,Thomas (Tom),Udall,Tom Udall
116,Senate,14858,13,0.0,NY,100,,,"SCHUMER, Charles Ellis (Chuck)",S000148,1950,,-0.355,-0.418,-105.55384,0.85384,668.0,39.0,,-0.416,-0.387,Charles Ellis (Chuck),Schumer,Chuck Schumer
116,Senate,20735,13,0.0,NY,100,,,"GILLIBRAND, Kirsten",G000555,1966,,-0.469,-0.403,-94.37965,0.84641,566.0,51.0,,-0.654,-0.349,Kirsten,Gillibrand,Kirsten Gillibrand
116,Senate,29548,47,0.0,NC,200,,,"BURR, Richard M.",B001135,1955,,0.435,-0.07,-25.13575,0.95773,582.0,5.0,,0.342,0.189,Richard M.,Burr,Richard Burr
116,Senate,41504,47,0.0,NC,200,,,"TILLIS, Thomas Roland (Thom)",T000476,1960,,0.395,-0.102,-44.8975,0.93153,633.0,14.0,,0.426,0.202,Thomas Roland (Thom),Tillis,Thom Tillis
116,Senate,21350,36,0.0,ND,200,,,"CRAMER, Kevin",C001096,1961,,0.4,0.383,-24.09224,0.96367,651.0,9.0,,0.373,0.247,Kevin,Cramer,Kevin Cramer
116,Senate,41107,36,0.0,ND,200,,,"HOEVEN, John",H001061,1957,,0.395,0.453,-26.93285,0.95984,657.0,14.0,,0.371,0.274,John,Hoeven,John Hoeven
116,Senate,29386,24,0.0,OH,200,,,"PORTMAN, Robert Jones (Rob)",P000449,1955,,0.371,-0.208,-28.7474,0.95732,659.0,6.0,,0.314,0.104,Robert Jones (Rob),Portman,Rob Portman
116,Senate,29389,24,0.0,OH,100,,,"BROWN, Sherrod",B000944,1952,,-0.426,-0.102,-136.79876,0.81203,657.0,59.0,,-0.374,-0.106,Sherrod,Brown,Sherrod Brown
116,Senate,15424,53,0.0,OK,200,,,"INHOFE, James Mountain",I000024,1934,,0.552,0.045,-46.16816,0.93133,649.0,27.0,,0.617,-0.005,James Mountain,Inhofe,Jim Inhofe
116,Senate,21166,53,0.0,OK,200,,,"LANKFORD, James",L000575,1968,,0.6,0.137,-32.4413,0.9526,668.0,13.0,,0.687,0.296,James,Lankford,James Lankford
116,Senate,14871,72,0.0,OR,100,,,"WYDEN, Ronald Lee",W000779,1949,,-0.33,-0.482,-124.39632,0.82774,658.0,67.0,,-0.376,-0.627,Ronald Lee,Wyden,Ron Wyden
116,Senate,40908,72,0.0,OR,100,,,"MERKLEY, Jeff",M001176,1956,,-0.445,-0.734,-76.21439,0.89141,663.0,26.0,,-0.409,-0.724,Jeff,Merkley,Jeff Merkley
116,Senate,29935,14,0.0,PA,200,,,"TOOMEY, Patrick Joseph",T000461,1961,,0.624,-0.378,-63.42411,0.90579,641.0,28.0,,0.707,-0.107,Patrick Joseph,Toomey,Pat Toomey
116,Senate,40703,14,0.0,PA,100,,,"CASEY, Robert (Bob), Jr.",C001070,1960,,-0.313,0.165,-100.28959,0.86059,668.0,50.0,,-0.339,0.197,Robert (Bob),Casey,Bob Casey
116,Senate,29142,5,0.0,RI,100,,,"REED, John F. (Jack)",R000122,1949,,-0.367,-0.173,-120.12749,0.83496,666.0,62.0,,-0.313,-0.076,John F. (Jack),Reed,Jack Reed
116,Senate,40704,5,0.0,RI,100,,,"WHITEHOUSE, Sheldon",W000802,1955,,-0.355,-0.086,-128.49006,0.81118,614.0,52.0,,-0.291,0.019,Sheldon,Whitehouse,Sheldon Whitehouse
116,Senate,21173,48,0.0,SC,200,,,"SCOTT, Tim",S001184,1965,,0.63,-0.001,-41.71667,0.93893,662.0,19.0,,0.557,0.093,Tim,Scott,Tim Scott
116,Senate,29566,48,0.0,SC,200,,,"GRAHAM, Lindsey O.",G000359,1955,,0.37,-0.276,-30.95109,0.95265,638.0,11.0,,0.325,-0.006,Lindsey O.,Graham,Lindsey Graham
116,Senate,29754,37,0.0,SD,200,,,"THUNE, John",T000250,1961,,0.429,0.223,-25.52286,0.9624,666.0,7.0,,0.394,0.28,John,Thune,John Thune
116,Senate,41505,37,0.0,SD,200,,,"ROUNDS, Marion Michael (Mike)",R000605,1954,,0.349,0.099,-47.42654,0.92161,581.0,19.0,,0.437,0.388,Marion Michael (Mike),Rounds,Mike Rounds
116,Senate,20351,54,0.0,TN,200,,,"BLACKBURN, Marsha",B001243,1952,,0.628,0.151,-43.61045,0.93568,656.0,19.0,,0.695,0.164,Marsha,Blackburn,Marsha Blackburn
116,Senate,40304,54,0.0,TN,200,,,"ALEXANDER, Lamar",A000360,1940,,0.324,-0.176,-28.71808,0.94821,540.0,9.0,,0.322,-0.086,Lamar,Alexander,Lamar Alexander
116,Senate,40305,49,0.0,TX,200,,,"CORNYN, John",C001056,1952,,0.471,-0.079,-38.14893,0.94392,661.0,16.0,,0.44,0.093,John,Cornyn,John Cornyn
116,Senate,41304,49,0.0,TX,200,,,"CRUZ, Rafael Edward (Ted)",C001098,1970,,0.79,-0.195,-50.71207,0.92266,630.0,25.0,,0.908,-0.418,Rafael Edward (Ted),Cruz,Ted Cruz
116,Senate,41110,67,0.0,UT,200,,,"LEE, Mike",L000577,1971,,0.891,-0.454,-118.712,0.83493,658.0,71.0,,0.91,-0.414,Mike,Lee,Mike Lee
116,Senate,41902,67,0.0,UT,200,,,"ROMNEY, Willard Mitt (Mitt)",R000615,1947,,0.288,0.309,-101.23792,0.85839,663.0,44.0,,0.39,0.705,Willard Mitt (Mitt),Romney,Mitt Romney
116,Senate,14307,6,0.0,VT,100,,,"LEAHY, Patrick Joseph",L000174,1940,,-0.36,-0.121,-117.4496,0.83399,647.0,67.0,,-0.279,-0.04,Patrick Joseph,Leahy,Patrick Leahy
116,Senate,29147,6,0.0,VT,328,,,"SANDERS, Bernard",S000033,1941,,-0.542,-0.404,-38.44981,0.87818,296.0,14.0,,-0.775,-0.467,Bernard,Sanders,Bernie Sanders
116,Senate,40909,40,0.0,VA,100,,,"WARNER, Mark",W000805,1954,,-0.206,-0.053,-76.04727,0.88975,651.0,27.0,,-0.222,-0.019,Mark,Warner,Mark Warner
116,Senate,41305,40,0.0,VA,100,,,"KAINE, Timothy Michael (Tim)",K000384,1958,,-0.245,-0.066,-85.25151,0.87778,654.0,33.0,,-0.255,0.005,Timothy Michael (Tim),Kaine,Tim Kaine
116,Senate,39310,73,0.0,WA,100,,,"CANTWELL, Maria E.",C000127,1958,,-0.305,-0.407,-107.68432,0.84946,660.0,44.0,,-0.36,-0.36,Maria E.,Cantwell,Maria Cantwell
116,Senate,49308,73,0.0,WA,100,,,"MURRAY, Patty",M001111,1950,,-0.352,-0.303,-87.19702,0.87074,630.0,37.0,,-0.4,-0.275,Patty,Murray,Patty Murray
116,Senate,20146,56,0.0,WV,200,,,"CAPITO, Shelley Moore",C001047,1953,,0.278,0.132,-24.25495,0.96229,631.0,6.0,,0.326,0.177,Shelley Moore,Capito,Shelley Moore Capito
116,Senate,40915,56,0.0,WV,100,,,"MANCHIN, Joe, III",M001183,1947,,-0.057,0.399,-70.44676,0.89803,655.0,19.0,,-0.052,0.388,Joe,Manchin,Joe Manchin
116,Senate,29940,25,0.0,WI,100,,,"BALDWIN, Tammy",B001230,1962,,-0.492,-0.133,-130.99853,0.82144,666.0,65.0,,-0.396,-0.001,Tammy,Baldwin,Tammy Baldwin
116,Senate,41111,25,0.0,WI,200,,,"JOHNSON, Ron",J000293,1955,,0.636,-0.14,-45.55103,0.93161,643.0,25.0,,0.61,0.017,Ron,Johnson,Ron Johnson
116,Senate,40707,68,0.0,WY,200,,,"BARRASSO, John A.",B001261,1952,,0.537,0.222,-30.75982,0.955,668.0,16.0,,0.602,0.323,John A.,Barrasso,John Barrasso
116,Senate,49706,68,0.0,WY,200,,,"ENZI, Michael B.",E000285,1944,2021.0,0.545,0.199,-42.601,0.93551,639.0,16.0,,0.587,0.414,Michael B.,Enzi,Mike Enzi
